name,mass,mass_error_min,mass_error_max,mass_sini_error_min,mass_sini_error_max,radius,radius_error_min
109 Psc b,5.743,0.289,1.011,0.078,0.078,1.152,0.0
112 Psc b,0.033,0.005,0.004,0.005,0.004,0.67535,0.0
112 Psc c,9.866,1.781,3.19,0.0,0.0,0.67535,0.0
11 UMi b,11.0873,1.1,1.1,1.1,1.1,0.67535,0.0
14 And Ab,4.684,0.23,0.23,0.23,0.23,0.67535,0.0
14 Her b,8.9,1.7,1.3,0.0,0.0,0.67535,0.0
14 Her c,7.9,1.2,1.6,0.0,0.0,0.67535,0.0
16 Cyg Bb,1.64,0.08,0.08,0.08,0.08,0.67535,0.0
18 Del Ab,10.3,0.36,0.36,0.36,0.36,0.67535,0.0
23 Lib b,1.59,0.02,0.02,0.02,0.02,0.67535,0.0
23 Lib c,0.82,0.03,0.03,0.03,0.03,0.67535,0.0
24 Boo b,0.91,0.11,0.11,0.11,0.11,0.67535,0.0
24 Sex b,1.84,0.11,0.11,0.11,0.11,0.67535,0.0
24 Sex c,1.52,0.2,0.2,0.2,0.2,0.67535,0.0
2M 1253+2734 b,8.3,0.2,1.8,0.2,1.8,0.67535,0.0
2M1510 (AB)b,0.031,0.0,0.0,0.0,0.0,0.67535,0.0
2MASS J0437+2651 b,4.0,0.0,0.0,0.0,0.0,0.67535,0.0
2MASS J0558-4501 b,9.0,3.0,3.0,0.0,0.0,0.67535,0.0
2MASS J1155-7919 b,10.0,0.0,0.0,0.0,0.0,0.67535,0.0
2MASS J1252+2735 b,6.88,0.64,0.21,0.64,0.21,0.67535,0.0
2MASS J1258+2630 b,3.4,0.18,0.31,0.18,0.31,0.67535,0.0
2MASS J2236+4751 b,12.5,1.5,1.5,0.0,0.0,0.67535,0.0
38 Vir b,4.51,0.5,0.5,0.5,0.5,0.67535,0.0
41 Com Ab,6.3,1.0,1.0,1.0,1.0,0.67535,0.0
44 Uma b,12.11,0.85,0.2,0.85,0.2,0.67535,0.0
47 UMa b,2.53,0.06,0.07,0.06,0.07,0.67535,0.0
47 UMa c,0.54,0.073,0.066,0.073,0.066,0.67535,0.0
47 UMa d,1.64,0.48,0.29,0.48,0.29,0.67535,0.0
51 Eri Ab,4.1,0.5,0.5,0.0,0.0,1.11,0.13
51 Peg b,0.47,0.07,0.03,0.06,0.01,1.9,0.3
54 Psc b,0.23,0.013,0.297,0.011,0.011,0.67535,0.0
55 Cnc Ab,0.84,0.031,0.23,0.031,0.131,0.67535,0.0
55 Cnc Ac,0.1784,0.0078,0.0275,0.0078,0.0275,0.67535,0.0
55 Cnc Ad,3.84,0.08,0.08,0.08,0.08,0.67535,0.0
55 Cnc Ae,0.02703,0.00135,0.00135,0.0,0.0,0.1737,0.00339
55 Cnc Af,0.1479,0.0093,0.0219,0.0093,0.0219,0.67535,0.0
61 Vir b,0.016,0.0016,0.0016,0.0016,0.0016,0.67535,0.0
61 Vir c,0.0573,0.0035,0.0035,0.0035,0.0035,0.67535,0.0
61 Vir d,0.072,0.008,0.008,0.008,0.008,0.67535,0.0
6 Lyn b,2.01,0.077,0.077,0.077,0.077,0.67535,0.0
70 Vir Ab,6.6,0.0,0.0,0.0,0.0,0.67535,0.0
75 Cet Ab,2.48,0.09,0.07,0.09,0.07,0.67535,0.0
75 Cet Ac,0.91,0.09,0.09,0.09,0.09,0.67535,0.0
79 Cet Ab,0.215,0.03,0.03,0.03,0.03,0.67535,0.0
81 Cet b,5.3,0.0,0.0,0.0,0.0,0.67535,0.0
82 Eri b,0.00676,0.00053,0.00053,0.00053,0.00053,0.67535,0.0
82 Eri c,0.00793,0.0025,0.0016,0.0025,0.0016,0.67535,0.0
82 Eri d,0.01831,0.00179,0.00179,0.00179,0.00179,0.67535,0.0
82 Eri e,0.01501,0.00271,0.00302,0.00271,0.00302,0.67535,0.0
8 Umi b,1.65,0.06,0.06,0.06,0.06,0.67535,0.0
94 Cet Ab,1.37,0.12,0.12,0.12,0.12,0.67535,0.0
AB Aur b,9.0,15.0,17.0,0.0,0.0,0.67535,0.0
AB Pic c,5.75,3.25,3.25,0.0,0.0,0.67535,0.0
AF Lep b,3.75,0.5,0.5,0.0,0.0,1.3,0.15
alf Ari b,1.8,0.2,0.2,0.2,0.2,0.67535,0.0
AT2021uey b,1.34,0.5,0.45,0.0,0.0,0.67535,0.0
AU Mic b,0.028,0.0084,0.0082,0.0,0.0,0.4273,0.027
AU Mic c,0.0456,0.0107,0.0107,0.0,0.0,0.2248,0.0223
AU Mic d,0.003187,0.000459,0.000459,0.0,0.0,0.67535,0.0
Barnard's star b,0.000941,8.2e-05,8.2e-05,8.2e-05,8.2e-05,0.67535,0.0
Barnard's star c,0.001054,9e-05,9e-05,9e-05,9e-05,0.67535,0.0
Barnard's star d,0.000827,7.6e-05,7.6e-05,7.6e-05,7.6e-05,0.67535,0.0
Barnard's star e,0.0006,9e-05,9e-05,9e-05,9e-05,0.67535,0.0
b Cen (AB)b,10.9,1.6,1.6,0.0,0.0,0.67535,0.0
BD+03 2562 b,6.4,1.3,1.3,1.3,1.3,0.67535,0.0
BD-06 1339 c,0.17,0.03,0.03,0.03,0.03,0.67535,0.0
BD-06 1339 d,0.0582,0.0296,0.0365,0.0296,0.0365,0.67535,0.0
BD-06 1339 e,0.0104,0.0044,0.0047,0.0044,0.0047,0.67535,0.0
BD-08 2823 b,0.045,0.007,0.007,0.007,0.007,0.67535,0.0
BD-08 2823 c,0.33,0.03,0.03,0.03,0.03,0.67535,0.0
BD-10 3166 b,0.46,0.0,0.0,0.0,0.0,1.03,0.0
BD-11 4672 b,0.65,0.05,0.05,0.05,0.05,0.67535,0.0
BD-11 4672 c,0.04836,0.0066,0.009,0.0066,0.009,0.67535,0.0
BD+14 4559 b,1.47,0.0,0.0,0.0,0.0,0.67535,0.0
BD+15 2375 b,1.06,0.27,0.27,0.27,0.27,0.67535,0.0
BD+15 2940 b,1.11,0.0,0.0,0.0,0.0,0.67535,0.0
BD-17 63 b,5.325,0.036,0.036,0.12,0.12,0.67535,0.0
BD+20 2457 c,12.47,0.0,0.0,0.0,0.0,0.67535,0.0
BD+20 274 b,4.2,0.0,0.0,0.0,0.0,0.67535,0.0
BD+20 594 b,0.07,0.03,0.03,0.019,0.019,0.23,0.01
BD-21 397 c,4.8,0.6,0.6,0.0,0.0,0.67535,0.0
BD+45 564 b,1.36,0.12,0.12,0.12,0.12,0.67535,0.0
BD+48 738 b,0.91,0.0,0.0,0.0,0.0,0.67535,0.0
BD+48 740 b,1.7,0.7,0.7,0.7,0.7,0.67535,0.0
BD+49 828 b,1.6,0.2,0.4,0.2,0.4,0.67535,0.0
BD+55 362 b,0.72,0.08,0.08,0.08,0.08,0.67535,0.0
BD+63 1405 Ab,3.96,0.31,0.31,0.31,0.31,0.67535,0.0
BEBOP-3 (AB)b,0.558,0.048,0.051,0.048,0.051,0.67535,0.0
beta Cnc Ab,7.8,0.8,0.8,0.8,0.8,0.67535,0.0
beta Pic b,11.9,3.04,2.93,0.0,0.0,1.65,0.06
beta Pic c,8.89,0.75,0.75,0.5,0.5,1.2,0.1
beta Umi b,6.1,1.0,1.0,1.0,1.0,0.67535,0.0
CD Cet b,0.01244,0.00136,0.0,0.00135,0.00135,0.67535,0.0
CFHTWIR-Oph 98 b,7.8,0.8,0.8,0.0,0.0,1.86,0.05
chi Sco b,4.32,0.12,0.15,0.12,0.15,0.67535,0.0
chi Vir b,11.09,1.0,1.0,1.0,1.0,0.67535,0.0
chi Vir c,3.1,0.4,0.4,0.4,0.4,0.67535,0.0
CHXR 73 Ab,12.0,5.0,8.0,0.0,0.0,0.67535,0.0
CI Tau c,3.6,0.3,0.3,0.3,0.3,0.67535,0.0
COCONUTS-2 b,6.4,2.0,2.0,0.0,0.0,1.12,0.04
CoRoT-10 b,2.75,0.14,0.14,0.0,0.0,0.97,0.05
CoRoT-11 b,2.33,0.27,0.27,0.0,0.0,1.43,0.033
CoRoT-12 b,0.917,0.065,0.07,0.0,0.0,1.44,0.13
CoRoT-13 b,1.308,0.066,0.066,0.0,0.0,0.885,0.014
CoRoT-14 b,7.6,0.6,0.6,0.0,0.0,1.09,0.07
CoRoT-16 b,0.535,0.085,0.085,0.0,0.0,1.17,0.14
CoRoT-17 b,2.43,0.16,0.16,0.0,0.0,1.02,0.07
CoRoT-18 b,3.47,0.38,0.38,0.0,0.0,1.31,0.18
CoRoT-19 b,1.11,0.06,0.06,0.0,0.0,1.29,0.05
CoRoT-1 b,1.03,0.12,0.12,0.0,0.0,1.49,0.08
CoRoT-20 b,4.24,0.23,0.23,0.0,0.0,0.84,0.04
CoRoT-21 b,2.26,0.31,0.31,0.0,0.0,1.3,0.14
CoRoT-22 b,0.06,0.0214,0.0941,0.0,0.0,0.4354,0.0348
CoRoT-23 b,2.8,0.25,0.25,0.0,0.0,1.08,0.13
CoRoT-24 b,0.018,0.01799,0.0,0.0,0.0,0.33,0.04
CoRoT-24 c,0.088,0.035,0.035,0.0,0.0,0.44,0.04
CoRoT-25 b,0.27,0.04,0.04,0.0,0.0,1.08,0.1
CoRoT-26 b,0.52,0.05,0.05,0.0,0.0,1.26,0.07
CoRoT-27 b,10.39,0.55,0.55,0.0,0.0,1.007,0.044
CoRoT-28 b,0.484,0.087,0.087,0.087,0.087,0.955,0.066
CoRoT-29 b,0.85,0.2,0.2,0.2,0.2,0.9,0.16
CoRoT-2 Ab,3.31,0.16,0.16,0.0,0.0,1.465,0.029
CoRoT-30 b,2.9,0.22,0.22,0.0,0.0,1.009,0.076
CoRoT-31 b,0.84,0.34,0.34,0.0,0.0,1.46,0.3
CoRoT-32 b,0.15,0.1,0.1,0.0,0.0,0.57,0.06
CoRoT-35 b,1.1,0.37,0.37,0.0,0.0,1.68,0.11
CoRoT-36 b,0.68,0.68,0.47,0.0,0.0,1.41,0.14
CoRoT-4 b,0.72,0.08,0.08,0.0,0.0,1.19,0.05
CoRoT-5 b,0.467,0.024,0.047,0.0,0.0,1.33,0.047
CoRoT-6 b,2.96,0.34,0.34,0.0,0.0,1.166,0.035
CoRoT-7 Ab,0.01907,0.00205,0.00205,0.0,0.0,0.136,0.0
CoRoT-7 Ac,0.041812,0.002168,0.002168,0.002168,0.002168,0.67535,0.0
CoRoT-7 Ad,0.053935,0.008029,0.008029,0.008029,0.008029,0.67535,0.0
CoRoT-8 b,0.2158,0.034,0.034,0.0,0.0,0.5692,0.0196
CoRoT-9 Ab,0.84,0.07,0.07,0.0,0.0,0.94,0.04
CRTS J071126.0+440405 (AB)b,6.8,0.7,0.7,0.7,0.7,0.67535,0.0
DE CVn b,11.0,3.0,3.0,3.0,3.0,0.67535,0.0
DH Tau b,11.0,0.003,0.01,0.0,0.0,0.67535,0.0
DMPP-4 b,0.0365,0.005,0.005,0.005,0.005,0.67535,0.0
DP Leo (AB) b,6.05,0.47,0.47,0.0,0.0,0.67535,0.0
DS Tuc Ab,0.0453,0.0453,0.0,0.0,0.0,0.5085,0.0152
DW Lyn b,5.58,1.44,1.44,1.44,1.44,0.67535,0.0
Elias 2-27 b,11.0,1.0,2.0,0.0,0.0,0.67535,0.0
EPIC 205084841 b,0.3883,0.303,0.303,0.0,0.0,1.561,0.152
eps CrB Ab,6.7,0.3,0.3,0.3,0.3,0.67535,0.0
eps Eridani b,0.98,0.1,0.1,0.2,0.2,0.67535,0.0
eps Ind Ab,2.96,0.4,0.4,0.0,0.0,0.67535,0.0
eps Ret Ab,1.35,0.11,0.11,0.11,0.11,0.67535,0.0
eps Tau b,7.34,0.4,0.5,0.4,0.5,0.67535,0.0
eta2 Hyi b,6.29,0.7,0.7,0.7,0.7,0.67535,0.0
eta Cet b,2.55,0.13,0.13,0.13,0.13,0.67535,0.0
eta Cet c,3.32,0.18,0.18,0.18,0.18,0.67535,0.0
FN Lyr b,11.3,0.0,0.0,0.0,0.0,0.67535,0.0
G 192-15 b,0.00324,0.00057,0.00057,0.00057,0.00057,0.67535,0.0
G 192-15 c,0.045,0.005,0.005,0.005,0.005,0.67535,0.0
G 261-6 b,0.00431,0.00072,0.00072,0.00072,0.00072,0.67535,0.0
G 264-012 b,0.0079,0.0009,0.0009,0.0009,0.0009,0.67535,0.0
G 264-012 c,0.0118,0.00151,0.00151,0.00151,0.00151,0.67535,0.0
G 268-110 b,0.00478,0.00079,0.00079,0.00079,0.00079,0.67535,0.0
G 9-40 b,0.013,0.00198,0.00198,0.0,0.0,0.17,0.0058
Gaia-1 b,1.68,0.11,0.11,0.0,0.0,1.229,0.021
Gaia22dkv b,0.5,0.05,0.05,0.0,0.0,0.67535,0.0
Gaia-2 b,0.773,0.041,0.041,0.0,0.0,1.327,0.014
Gaia-3 Ab,7.3,0.0,0.0,0.04,0.05,0.67535,0.0
Gaia-4 b,11.8,0.66,0.73,0.0,0.0,0.67535,0.0
GALEX 0718+3731 b,3.6,0.0,0.0,0.0,0.0,0.67535,0.0
gamma Lib b,1.029,0.087,0.087,0.087,0.087,0.67535,0.0
gamma Lib c,4.63,0.12,0.22,0.12,0.22,0.67535,0.0
gam Psc b,1.34,0.31,0.02,0.31,0.02,0.67535,0.0
GJ 1002 b,0.0034,0.00041,0.00041,0.00041,0.00041,0.67535,0.0
GJ 1002 c,0.00428,0.00053,0.00053,0.00053,0.00053,0.67535,0.0
GJ 1018 b,0.00843,0.0009,0.0009,0.0,0.0,0.1356,0.0107
GJ 1061 b,0.00453,0.00053,0.00053,0.00053,0.00053,0.67535,0.0
GJ 1061 c,0.00547,0.0006,0.0006,0.0006,0.0006,0.67535,0.0
GJ 1061 d,0.00494,0.00079,0.00085,0.00079,0.00085,0.67535,0.0
GJ 1132 b,0.00522,0.00072,0.00072,0.0,0.0,0.1035,0.0098
GJ 1132 c,0.00831,0.00138,0.00138,0.00138,0.00138,0.67535,0.0
GJ 1151 c,0.03341,0.00463,0.00412,0.00463,0.00412,0.67535,0.0
GJ 1214 b,0.02571,0.00135,0.00135,0.0,0.0,0.24463,0.00473
GJ 1252 b,0.00415,0.00176,0.00176,0.0,0.0,0.1053,0.00696
GJ 1265 b,0.0233,0.0016,0.0016,0.0016,0.0016,0.67535,0.0
GJ 1289 b,0.01973,0.00393,0.00387,0.00393,0.00387,0.67535,0.0
GJ 143 b,0.0714,0.006,0.0069,0.0,0.0,0.2329,0.0143
GJ 143 c,0.01164,0.011638,0.0,0.0,0.0,0.07958,0.00517
GJ 15 Ab,0.00953,0.00138,0.00145,0.00138,0.00145,0.67535,0.0
GJ 15 Ac,0.113,0.016,0.088,0.016,0.088,0.67535,0.0
GJ 160.2 b,0.0245,0.0098,0.0098,0.0098,0.0098,0.67535,0.0
GJ 163 b,0.0311,0.0072,0.0072,0.0072,0.0072,0.67535,0.0
GJ 163 c,0.0239,0.0072,0.0091,0.0072,0.0091,0.67535,0.0
GJ 163 d,0.0636,0.0239,0.0239,0.0239,0.0239,0.67535,0.0
GJ 176 b,0.025,0.0066,0.0076,0.0066,0.0076,0.67535,0.0
GJ 176 c,0.0233,0.0113,0.013,0.0113,0.013,0.67535,0.0
GJ 179 b,0.7391,0.1608,0.1778,0.1608,0.1778,0.67535,0.0
GJ 179 c,0.0154,0.0085,0.0085,0.0085,0.0085,0.67535,0.0
GJ 180 b,0.02124,0.0056,0.00431,0.0056,0.00431,0.67535,0.0
GJ 180 c,0.020136551,0.012896206,0.01163804,0.012896206,0.01163804,0.67535,0.0
GJ 180 d,0.02357,0.00733,0.00837,0.00733,0.00837,0.67535,0.0
GJ 2030 Ab,0.014,0.002,0.002,0.002,0.002,0.67535,0.0
GJ 2030 Ac,12.934,2.36,2.36,0.0,0.0,0.67535,0.0
GJ 2056 b,0.051,0.0113,0.0113,0.0113,0.0113,0.67535,0.0
GJ 2056 c,0.4443,0.053,0.053,0.053,0.053,0.67535,0.0
GJ 2126 b,1.3,0.1,0.2,0.1,0.2,0.67535,0.0
GJ 229 c,0.03153,0.0192,0.01054,0.0192,0.01054,0.67535,0.0
GJ 229 d,0.02495,0.01082,0.01067,0.01082,0.01067,0.67535,0.0
GJ 251 b,0.013,0.0013,0.0013,0.0013,0.0013,0.67535,0.0
GJ 27.1 b,0.040902369,0.020759747,0.012896206,0.020759747,0.012896206,0.67535,0.0
GJ 3021 Ab,3.37,0.09,0.09,0.09,0.09,0.67535,0.0
GJ 3082 b,0.02759,0.01337,0.011,0.01337,0.011,0.67535,0.0
GJ 3090 b,0.01051,0.00227,0.00227,0.0,0.0,0.19,0.0098
GJ 3138 b,0.0132,0.0019,0.0019,0.0019,0.0019,0.67535,0.0
GJ 3138 c,0.0056,0.001,0.0011,0.001,0.0011,0.67535,0.0
GJ 3138 d,0.033,0.0066,0.0072,0.0066,0.0072,0.67535,0.0
GJ 317 b,1.7528,0.0576,0.0576,0.0576,0.0576,0.67535,0.0
GJ 317 c,1.644,0.0601,0.0601,0.0601,0.0601,0.67535,0.0
GJ 3222 Ab,0.038,0.006,0.011,0.006,0.011,0.67535,0.0
GJ 328 b,2.3,13.0,13.0,13.0,13.0,0.67535,0.0
GJ 328 c,0.0673,0.0107,0.0107,0.0107,0.0107,0.67535,0.0
GJ 3293 b,0.07406,0.0028,0.0028,0.0028,0.0028,0.67535,0.0
GJ 3293 c,0.06636,0.00396,0.00396,0.00396,0.00396,0.67535,0.0
GJ 3293 d,0.024,0.0031,0.0031,0.0031,0.0031,0.67535,0.0
GJ 3293 e,0.0103,0.002,0.002,0.002,0.002,0.67535,0.0
GJ 3323 b,0.00636,0.00079,0.00082,0.00079,0.00082,0.67535,0.0
GJ 3323 c,0.00727,0.0015,0.0016,0.0015,0.0016,0.67535,0.0
GJ 3341 b,0.35717,0.0053,0.0053,0.0053,0.0053,0.67535,0.0
GJ 338 Bb,0.0327,0.0038,0.0038,0.0038,0.0038,0.67535,0.0
GJ 341 b,0.00227,0.00044,0.00044,0.0,0.0,0.0821,0.0045
GJ 3470 b,0.0437,0.0016,0.0016,0.0,0.0,0.38826,0.0027
GJ 3473 Ab,0.00585,0.0009,0.0009,0.0,0.0,0.11277,0.00045
GJ 3473 Ac,0.0214,0.0,0.031,0.0,0.031,0.67535,0.0
GJ 3512 b,0.46,0.01,0.02,0.01,0.02,0.67535,0.0
GJ 3512 c,0.2,0.0,1.0,0.0,1.0,0.67535,0.0
GJ 357 b,0.006566,0.00101,0.00101,0.0,0.0,0.10411,0.0033
GJ 357 c,0.01158,0.00151,0.00151,0.00151,0.00151,0.67535,0.0
GJ 357 d,0.0227,0.0053,0.0053,0.0053,0.0053,0.67535,0.0
GJ 3634 b,0.026,0.007,0.0188,0.0035,0.0035,0.67535,0.0
GJ 367  b,0.001718,0.00022,0.00041,0.0,0.0,0.0526,0.0018
GJ 367 c,0.01284,0.0009,0.0009,0.0009,0.0009,0.67535,0.0
GJ 367 d,0.01897,0.0016,0.0016,0.0016,0.0016,0.67535,0.0
GJ 3779 b,0.0252,0.0016,0.0016,0.0016,0.0016,0.67535,0.0
GJ 3929 b,0.00381,0.0013,0.0013,0.0,0.0,0.1026,0.0036
GJ 3929 c,0.01658,0.00239,0.00239,0.00239,0.00239,0.67535,0.0
GJ 393 b,0.00538,0.00076,0.00076,0.00076,0.00076,0.67535,0.0
GJ 3942 b,0.0225,0.0019,0.0019,0.0019,0.0019,0.67535,0.0
GJ 3988 b,0.01161,0.00132,0.00132,0.00132,0.00132,0.67535,0.0
GJ 3998 b,0.0079,0.0009,0.0009,0.0009,0.0009,0.67535,0.0
GJ 3998 c,0.02146,0.00236,0.00245,0.00236,0.00245,0.67535,0.0
GJ 3998 d,0.0191,0.003,0.00302,0.003,0.00302,0.67535,0.0
GJ 414 Ab,0.02762,0.00777,0.0098,0.00777,0.0098,0.2632,0.009
GJ 414 Ac,0.17705,0.0311,0.0327,0.0311,0.0327,0.7833,0.2373
GJ 4276 b,0.0481,0.0038,0.0022,0.0038,0.0022,0.67535,0.0
GJ 4276 c,0.0135,0.0019,0.0013,0.0019,0.0013,0.67535,0.0
GJ 433 b,0.01869,0.00387,0.00488,0.00387,0.00488,0.67535,0.0
GJ 433 c,0.09055,0.0327,0.0327,0.0327,0.0327,0.67535,0.0
GJ 433 d,0.01554,0.00563,0.00793,0.00563,0.00793,0.67535,0.0
GJ 436 b,0.05836,0.0013,0.0013,0.0,0.0,0.32519,0.0018
GJ 463 b,3.6,0.4,0.4,0.15,0.15,0.67535,0.0
GJ 480 b,0.0277,0.0022,0.0022,0.0022,0.0022,0.67535,0.0
GJ 480 c,0.0085,0.0019,0.0019,0.0019,0.0019,0.67535,0.0
GJ 486 b,0.00887,0.00038,0.00038,0.0,0.0,0.11643,0.00598
GJ 504  b,4.0,1.0,4.5,0.0,0.0,0.96,0.07
GJ 536 b,0.0169,0.002,0.0022,0.002,0.0022,0.67535,0.0
GJ 581 b,0.0645,0.01092,0.01944,0.00085,0.00069,0.67535,0.0
GJ 581 c,0.02143,0.00365,0.00066,0.000752,0.001214,0.67535,0.0
GJ 581 e,0.0078,0.00132,0.0022,0.000507,0.00076,0.67535,0.0
GJ 625 b,0.0095,0.0016,0.0015,0.0016,0.0015,0.67535,0.0
GJ 649 b,0.328,0.032,0.032,0.032,0.032,0.67535,0.0
GJ 649 c,0.03,0.008,0.008,0.008,0.008,0.67535,0.0
GJ 667 Cb,0.0176,0.0041,0.0044,0.0041,0.0044,0.67535,0.0
GJ 667 Cc,0.012,0.0038,0.0047,0.0038,0.0047,0.67535,0.0
GJ 667 Ce,0.0085,0.0044,0.005,0.0044,0.005,0.67535,0.0
GJ 667 Cf,0.0085,0.0038,0.0044,0.0038,0.0044,0.67535,0.0
GJ 667 Cg,0.0145,0.0072,0.0082,0.0072,0.0082,0.67535,0.0
GJ 674 b,0.04,0.0,0.0,0.0,0.0,1.13,0.0
GJ 676 Ab,5.792,0.477,0.469,0.01,0.011,0.67535,0.0
GJ 676 Ad,0.014,0.002,0.002,0.002,0.002,0.67535,0.0
GJ 676 Ae,0.036,0.005,0.005,0.005,0.005,0.67535,0.0
GJ 682 b,0.013843879,0.007548999,0.01163804,0.007548999,0.01163804,0.67535,0.0
GJ 682 c,0.027365121,0.014468914,0.018243414,0.014468914,0.018243414,0.67535,0.0
GJ 685 b,0.0283,0.00057,0.00057,0.00057,0.00057,0.67535,0.0
GJ 687 b,0.0541,0.003,0.003,0.003,0.003,0.67535,0.0
GJ 687 c,0.05,0.0129,0.0129,0.0129,0.0129,0.67535,0.0
GJ 720 Ab,0.04292,0.00249,0.00249,0.00249,0.00249,0.67535,0.0
GJ 724 b,0.03382,0.00274,0.00302,0.00274,0.00302,0.67535,0.0
GJ 740 b,0.00931,0.0016,0.0016,0.0016,0.0016,0.67535,0.0
GJ 752 Ab,0.0384,0.0044,0.003,0.0044,0.003,0.67535,0.0
GJ 777 Ab,1.68,0.16,0.26,0.15,0.15,0.67535,0.0
GJ 777 Ac,0.08,0.011,0.049,0.00994,0.00994,0.67535,0.0
GJ 777 Ad,0.032,0.004,0.004,0.0,0.0,0.67535,0.0
GJ 785 b,0.0532,0.003,0.003,0.003,0.003,0.67535,0.0
GJ 785 c,0.076,0.02,0.02,0.02,0.02,0.67535,0.0
GJ 832 b,0.74,0.06,0.06,0.06,0.06,0.67535,0.0
GJ 849 b,0.9,0.05,0.05,0.05,0.05,0.67535,0.0
GJ 849 c,0.77,0.0,0.0,0.0,0.0,0.67535,0.0
GJ 86 Ab,4.27,0.1,0.1,0.1,0.1,0.67535,0.0
GJ 876 b,3.6,0.0,0.0,0.0,0.0,0.67535,0.0
GJ 876 c,0.698,0.013,0.013,0.013,0.013,0.67535,0.0
GJ 876 d,0.021741,0.00085,0.00069,0.0,0.0,0.67535,0.0
GJ 876 e,0.04855,0.004,0.00406,0.0,0.0,0.67535,0.0
GJ 887 b,0.0132,0.0019,0.0019,0.0019,0.0019,0.67535,0.0
GJ 887 c,0.0239,0.0038,0.0038,0.0038,0.0038,0.67535,0.0
GJ 896 Ab,2.26,0.57,0.57,0.0,0.0,0.67535,0.0
GJ 900 (ABC)b,11.0,0.0,0.0,0.0,0.0,0.67535,0.0
GJ 9066 c,0.23,0.02,0.02,0.02,0.02,0.67535,0.0
GJ 9404 b,0.0374,0.006,0.006,0.006,0.006,0.67535,0.0
GJ 9689 b,0.03036,0.0044,0.0044,0.0044,0.0044,0.67535,0.0
GJ 9714 Ab,9.403,1.695,3.055,0.0,0.0,0.67535,0.0
GJ 9827 b,0.01532,0.00116,0.00116,0.0,0.0,0.13641,0.00517
GJ 9827 c,0.00604,0.00154,0.00154,0.0,0.0,0.107,0.0041
GJ 9827 d,0.01076,0.00195,0.00195,0.0,0.0,0.17441,0.00669
Gl 378 b,0.04097,0.006,0.006,0.006,0.006,0.67535,0.0
Gl 410 b,0.0249,0.0038,0.0038,0.0038,0.0038,0.67535,0.0
Gl 514 b,0.0164,0.0028,0.0028,0.0028,0.0028,0.67535,0.0
Gl 686 b,0.02029,0.0028,0.0028,0.0028,0.0028,0.67535,0.0
Gl 725 Ab,2.78,0.35,0.35,0.35,0.35,0.67535,0.0
Gliese 12 b,0.00494,0.00236,0.0025,0.0,0.0,0.0919,0.0098
Gliese 49 Ab,0.01771,0.00214,0.00214,0.00214,0.00214,0.67535,0.0
GU Psc b,11.0,1.0,1.0,0.0,0.0,1.35,0.03
HAT-P-10 Ab,0.46,0.028,0.028,0.0,0.0,1.045,0.033
HAT-P-11 b,0.0736,0.0047,0.0047,0.0,0.0,0.389,0.0054
HAT-P-11 c,3.06,0.4,0.4,0.085,0.094,0.67535,0.0
HAT-P-12 b,0.210489885,0.013183148,0.013183148,0.0,0.0,0.949,0.061
HAT-P-13 b,0.9,0.03,0.03,0.0,0.0,1.44,0.04
HAT-P-14 Ab,2.444,0.06,0.06,0.0,0.0,1.01,0.038
HAT-P-15 b,1.946,0.066,0.066,0.0,0.0,1.072,0.043
HAT-P-16 Ab,4.193,0.094,0.094,0.0,0.0,1.289,0.066
HAT-P-17 b,0.571,0.018,0.018,0.0,0.0,0.98,0.03
HAT-P-17 c,1.4,0.0,0.0,0.0,0.0,0.67535,0.0
HAT-P-18 Ab,0.183,0.032,0.034,0.0,0.0,0.947,0.044
HAT-P-19 b,0.292,0.018,0.018,0.0,0.0,1.132,0.072
HAT-P-1 Bb,0.525,0.019,0.019,0.0,0.0,1.319,0.019
HAT-P-20 Ab,7.246,0.187,0.187,0.0,0.0,0.867,0.033
HAT-P-21 b,4.063,0.161,0.161,0.0,0.0,1.024,0.092
HAT-P-22 Ab,2.147,0.061,0.061,0.0,0.0,1.08,0.058
HAT-P-23 b,2.09,0.11,0.11,0.0,0.0,1.368,0.09
HAT-P-24 Ab,0.685,0.033,0.033,0.0,0.0,1.242,0.067
HAT-P-25 b,0.567,0.0,0.0,0.0,0.0,1.19,0.0
HAT-P-26 b,0.0585,0.00717,0.00717,0.0,0.0,0.57,0.01
HAT-P-27 Ab,0.66,0.033,0.033,0.0,0.0,1.055,0.036
HAT-P-28 b,0.626,0.037,0.037,0.0,0.0,1.212,0.082
HAT-P-29 b,0.778,0.04,0.076,0.0,0.0,1.107,0.082
HAT-P-2 b,8.74,0.26,0.26,0.0,0.0,0.951,0.053
HAT-P-2 c,10.7,2.2,5.2,2.2,5.2,0.67535,0.0
HAT-P-30 Ab,0.723,0.017,0.017,0.0,0.0,1.41,0.036
HAT-P-31 b,2.171,0.077,0.105,0.0,0.0,1.07,0.16
HAT-P-32 Ab,0.75,0.13,0.13,0.0,0.0,1.789,0.025
HAT-P-33 Ab,0.763,0.117,0.117,0.0,0.0,1.827,0.29
HAT-P-34 b,3.64,0.211,0.211,0.0,0.0,1.142,0.09
HAT-P-35 Ab,1.054,0.033,0.033,0.0,0.0,1.332,0.098
HAT-P-36 b,1.832,0.099,0.099,0.0,0.0,1.264,0.071
HAT-P-37 b,1.169,0.103,0.103,0.0,0.0,1.178,0.077
HAT-P-38 b,0.267,0.02,0.02,0.0,0.0,0.825,0.063
HAT-P-39 Ab,0.599,0.099,0.099,0.0,0.0,1.571,0.081
HAT-P-3 Ab,0.591,0.018,0.018,0.0,0.0,0.827,0.055
HAT-P-40 b,0.615,0.038,0.038,0.0,0.0,1.73,0.062
HAT-P-41 Ab,0.8,0.102,0.102,0.0,0.0,1.685,0.051
HAT-P-42 b,0.975,0.126,0.126,0.0,0.0,1.277,0.149
HAT-P-43 b,0.66,0.083,0.083,0.0,0.0,1.283,0.034
HAT-P-44 Bb,0.392,0.031,0.031,0.0,0.0,1.28,0.074
HAT-P-44 Bc,1.6,0.2,0.2,0.0,0.0,0.67535,0.0
HAT-P-45 b,0.892,0.099,0.137,0.0,0.0,1.426,0.087
HAT-P-46 b,0.493,0.052,0.082,0.0,0.0,1.284,0.133
HAT-P-46 c,2.0,0.3,0.3,0.0,0.0,0.67535,0.0
HAT-P-47 b,0.206,0.039,0.039,0.0,0.0,1.313,0.045
HAT-P-48 b,0.168,0.024,0.024,0.0,0.0,1.131,0.054
HAT-P-49 b,1.73,0.205,0.205,0.0,0.0,1.448,0.061
HAT-P-4 b,0.68,0.04,0.04,0.0,0.0,1.27,0.05
HAT-P-50 b,1.36,0.075,0.075,0.073,0.073,1.288,0.064
HAT-P-51 Ab,0.309,0.018,0.018,0.018,0.018,1.293,0.054
HAT-P-52 b,0.819,0.03,0.03,0.029,0.029,1.009,0.072
HAT-P-53 b,1.487,0.058,0.059,0.056,0.056,1.318,0.091
HAT-P-54 b,0.76,0.032,0.032,0.0,0.0,0.944,0.028
HAT-P-55 b,0.582,0.056,0.056,0.056,0.056,1.182,0.055
HAT-P-56 b,2.31,0.44,0.44,0.25,0.25,1.51,0.11
HAT-P-57 Ab,1.85,1.85,0.0,1.85,0.0,1.413,0.054
HAT-P-58 b,0.372,0.03,0.03,0.0,0.0,1.332,0.043
HAT-P-59 b,1.54,0.067,0.067,0.0,0.0,1.123,0.013
HAT-P-5 b,1.06,0.11,0.11,0.0,0.0,1.252,0.05
HAT-P-60 b,0.574,0.038,0.038,0.0,0.0,1.631,0.024
HAT-P-61 b,1.057,0.07,0.07,0.0,0.0,0.899,0.027
HAT-P-62 b,0.761,0.088,0.088,0.0,0.0,1.073,0.029
HAT-P-63 b,0.614,0.024,0.024,0.0,0.0,1.119,0.033
HAT-P-64 b,0.58,0.13,0.18,0.0,0.0,1.703,0.07
HAT-P-65 b,0.527,0.083,0.083,0.0,0.0,1.89,0.13
HAT-P-66 b,0.783,0.057,0.057,0.0,0.0,1.59,0.1
HAT-P-67 Ab,0.45,0.15,0.15,0.0,0.0,2.14,0.025
HAT-P-68 b,0.724,0.043,0.043,0.0,0.0,1.072,0.012
HAT-P-69 b,3.58,0.58,0.58,0.0,0.0,1.676,0.033
HAT-P-6 b,1.11,0.04,0.04,0.0,0.0,1.275,0.05
HAT-P-70 b,6.78,6.77,0.0,0.0,0.0,1.87,0.1
HAT-P-7 Ab,1.79,0.034,0.034,0.0,0.0,1.51,0.01
HAT-P-8 Ab,1.35,0.03,0.03,0.0,0.0,1.42,0.05
HAT-P-9 b,0.67,0.08,0.08,0.0,0.0,1.4,0.06
HATS-10 b,0.526,0.081,0.081,0.081,0.081,0.969,0.045
HATS-11 b,0.85,0.12,0.12,0.12,0.12,1.609,0.064
HATS-12 b,2.38,0.087,0.087,0.0,0.0,0.692,0.042
HATS-13 b,0.543,0.072,0.072,0.072,0.072,1.212,0.035
HATS-14 b,1.071,0.07,0.07,0.07,0.07,1.039,0.0022
HATS-15 b,2.17,0.15,0.15,0.0,0.0,1.105,0.04
HATS-16 b,3.27,0.19,0.19,0.0,0.0,1.3,0.15
HATS-17 b,1.338,0.065,0.065,0.065,0.065,0.777,0.056
HATS-18 b,1.98,0.077,0.077,0.0,0.0,1.337,0.049
HATS-19 b,0.427,0.071,0.071,0.0,0.0,1.66,0.21
HATS-1 Ab,1.855,4e-06,4e-06,0.0,0.0,1.302,0.058
HATS-20 b,0.273,0.035,0.035,0.0,0.0,0.776,0.055
HATS-21 b,0.332,0.03,0.04,0.0,0.0,1.123,0.054
HATS-22 b,2.74,0.11,0.11,0.0,0.0,0.953,0.029
HATS-23 b,1.47,0.072,0.072,0.0,0.0,1.86,0.4
HATS-24 b,2.44,0.18,0.18,0.0,0.0,1.487,0.054
HATS-25 b,0.613,0.042,0.042,0.0,0.0,1.26,0.1
HATS-26 b,0.65,0.076,0.076,0.0,0.0,1.75,0.21
HATS-27 b,0.53,0.13,0.13,0.0,0.0,1.5,0.11
HATS-28 b,0.672,0.087,0.087,0.0,0.0,1.194,0.07
HATS-29 b,0.653,0.063,0.063,0.0,0.0,1.251,0.061
HATS-2 b,1.345,0.15,0.15,0.0,0.0,1.168,0.03
HATS-30 Ab,0.706,0.039,0.039,0.0,0.0,1.175,0.052
HATS-31 b,0.88,0.12,0.12,0.0,0.0,1.64,0.22
HATS-32 b,0.92,0.1,0.1,0.0,0.0,1.249,0.096
HATS-33 b,1.192,0.053,0.053,0.0,0.0,1.23,0.08
HATS-34 b,0.941,0.072,0.072,0.0,0.0,1.43,0.19
HATS-35 b,1.222,0.078,0.078,0.0,0.0,1.464,0.044
HATS-36 b,2.79,0.4,0.4,0.0,0.0,1.153,0.034
HATS-37 Ab,0.099,0.042,0.042,0.0,0.0,0.606,0.016
HATS-38 b,0.074,0.011,0.011,0.0,0.0,0.614,0.017
HATS-39 b,0.63,0.13,0.13,0.0,0.0,1.57,0.12
HATS-3 b,1.071,0.136,0.136,0.0,0.0,1.381,0.035
HATS-40 b,1.59,0.24,0.24,0.0,0.0,1.58,0.12
HATS-41 b,9.7,1.6,1.6,0.0,0.0,1.33,0.2
HATS-42 b,1.88,0.15,0.15,0.0,0.0,1.4,0.14
HATS-43 b,0.261,0.054,0.054,0.0,0.0,1.18,0.05
HATS-44 b,0.56,0.11,0.11,0.0,0.0,1.067,0.071
HATS-45 b,0.7,0.15,0.15,0.0,0.0,1.286,0.093
HATS-46 b,0.173,0.062,0.062,0.0,0.0,0.903,0.045
HATS-47 b,0.369,0.021,0.031,0.0,0.0,1.117,0.014
HATS-48 Ab,0.243,0.03,0.022,0.0,0.0,0.8,0.015
HATS-49 b,0.353,0.027,0.038,0.0,0.0,0.765,0.013
HATS-4 b,1.323,0.028,0.028,0.0,0.0,1.02,0.037
HATS-50 b,0.39,0.1,0.1,0.0,0.0,1.13,0.075
HATS-51 b,0.768,0.045,0.045,0.0,0.0,1.41,0.19
HATS-52 b,2.24,0.15,0.15,0.0,0.0,1.382,0.086
HATS-53 b,0.595,0.089,0.089,0.0,0.0,1.34,0.056
HATS-54 b,0.753,0.057,0.057,0.0,0.0,1.015,0.024
HATS-55 b,0.921,0.76,0.76,0.0,0.0,1.251,0.026
HATS-56 b,0.602,0.035,0.035,0.0,0.0,1.688,0.055
HATS-57 Ab,3.147,0.073,0.073,0.0,0.0,1.13,0.028
HATS-58 Ab,1.03,0.23,0.23,0.0,0.0,1.095,0.062
HATS-59 b,0.806,0.069,0.069,0.0,0.0,1.126,0.077
HATS-59 c,12.7,0.9,0.9,0.9,0.9,0.67535,0.0
HATS-5 b,0.237,0.012,0.012,0.0,0.0,0.912,0.025
HATS-60 b,0.662,0.055,0.055,0.0,0.0,1.153,0.053
HATS-61 b,3.4,0.14,0.14,0.0,0.0,1.195,0.067
HATS-62 b,0.179,0.179,0.0,0.0,0.0,1.055,0.025
HATS-63 b,0.96,0.12,0.12,0.0,0.0,1.207,0.039
HATS-64 b,0.96,0.2,0.2,0.0,0.0,1.679,0.081
HATS-65 Ab,0.821,0.083,0.083,0.0,0.0,1.501,0.05
HATS-66 b,5.33,0.68,0.68,0.0,0.0,1.411,0.084
HATS-67 b,1.45,0.12,0.12,0.0,0.0,1.685,0.047
HATS-68 b,1.29,0.0592,0.0592,0.0,0.0,1.2321,0.0294
HATS-69 b,0.577,0.577,0.0,0.0,0.0,0.945,0.022
HATS-6 Bb,0.319,0.07,0.07,0.0,0.0,0.998,0.019
HATS-70 b,12.9,1.6,1.8,0.0,0.0,1.384,0.074
HATS-71 b,0.45,0.24,0.24,0.0,0.0,1.08,0.016
HATS-72 b,0.1254,0.0039,0.0039,0.0,0.0,0.7224,0.0032
HATS-74 Ab,1.46,0.14,0.14,0.0,0.0,1.032,0.021
HATS-75 b,0.491,0.039,0.039,0.0,0.0,0.884,0.013
HATS-76 b,2.629,0.089,0.089,0.0,0.0,1.079,0.031
HATS-77 b,1.374,0.074,0.1,0.0,0.0,1.165,0.021
HATS-7 b,0.12,0.012,0.012,0.0,0.0,0.563,0.034
HATS-8 b,0.138,0.019,0.019,0.019,0.019,0.873,0.075
HATS-9 b,0.839,0.03,0.032,0.029,0.029,1.236,0.031
HD 100546 b,1.65,0.0,0.0,0.0,0.0,6.9,2.9
HD 100655 Ab,1.7,0.2,0.1,0.2,0.1,0.67535,0.0
HD 100777 b,1.16,0.03,0.03,0.03,0.03,0.67535,0.0
HD 10180 c,0.041217,0.0,0.0,0.0,0.0,0.67535,0.0
HD 10180 d,0.03696945,0.0,0.0,0.0,0.0,0.67535,0.0
HD 10180 e,0.07897304,0.0,0.0,0.0,0.0,0.67535,0.0
HD 10180 f,0.07519743,0.0,0.0,0.0,0.0,0.67535,0.0
HD 10180 g,0.06733159,0.0,0.0,0.0,0.0,0.67535,0.0
HD 10180 h,0.202624,0.0,0.0,0.0,0.0,0.67535,0.0
HD 101930 Ab,0.3,0.0,0.0,0.0,0.0,0.67535,0.0
HD 102117 b,0.172,0.018,0.018,0.018,0.018,0.67535,0.0
HD 102195 b,0.46,0.03,0.03,0.0,0.0,0.67535,0.0
HD 102272 b,5.9,0.2,0.2,0.2,0.2,0.67535,0.0
HD 102272 c,2.6,0.4,0.4,0.4,0.4,0.67535,0.0
HD 102329 b,5.9,0.3,0.3,0.3,0.3,0.67535,0.0
HD 102329 c,1.52,0.25,0.3,0.25,0.3,0.67535,0.0
HD 102365 Ab,0.05,0.008,0.008,0.008,0.008,0.67535,0.0
HD 102843 b,0.3584,0.0456,0.0456,0.0456,0.0456,0.67535,0.0
HD 102888 b,5.69,0.15,0.15,0.15,0.15,0.67535,0.0
HD 102956 Ab,0.96,0.023,0.023,0.023,0.023,0.67535,0.0
HD 103197 b,0.098,0.006,0.006,0.006,0.006,0.67535,0.0
HD 103720 b,0.62,0.025,0.025,0.025,0.025,0.67535,0.0
HD 103774 Ab,0.367,0.022,0.022,0.022,0.022,0.67535,0.0
HD 103891 b,1.44,0.06,0.06,0.06,0.06,0.67535,0.0
HD 103949 b,0.0352,0.0072,0.0072,0.0072,0.0072,0.67535,0.0
HD 104067 b,0.1954,0.0104,0.0104,0.0104,0.0104,0.67535,0.0
HD 104067 c,0.0415,0.006,0.006,0.006,0.006,0.67535,0.0
HD 10442 b,2.1,0.15,0.15,0.15,0.15,0.67535,0.0
HD 104985 b,8.3,0.0,0.0,0.0,0.0,0.67535,0.0
HD 105618 b,0.08,0.008,0.007,0.008,0.007,0.67535,0.0
HD 105779 b,0.64,0.06,0.06,0.06,0.06,0.67535,0.0
HD 106252 b,10.0,0.73,0.78,0.0,0.0,0.67535,0.0
HD 106270 b,11.0,0.8,0.8,0.8,0.8,0.67535,0.0
HD 106315 b,0.033,0.0098,0.0098,0.0,0.0,0.214,0.018
HD 106315 c,0.038,0.012,0.012,0.0,0.0,0.3908,0.008
HD 10647 Ab,0.93,0.18,0.18,0.18,0.18,0.67535,0.0
HD 106515 Ab,9.61,0.14,0.14,0.14,0.14,0.67535,0.0
HD 106574 b,8.5,1.1,1.1,1.1,1.1,0.67535,0.0
HD 106906 (AB) b,11.0,2.0,2.0,0.0,0.0,0.67535,0.0
HD 107148 Ab,0.21,0.036,0.036,0.036,0.036,0.67535,0.0
HD 107148 Ac,0.0626,0.0098,0.0098,0.0098,0.0098,0.67535,0.0
HD 108147 b,0.261,0.04,0.04,0.04,0.04,0.67535,0.0
HD 108202 b,3.0,0.5,0.7,0.0,0.0,0.67535,0.0
HD 108341 Ab,3.5,3.4,1.2,3.4,1.2,0.67535,0.0
HD 108863 Ab,2.6,0.2,0.2,0.2,0.2,0.67535,0.0
HD 108874 b,1.36,0.13,0.13,0.13,0.13,0.67535,0.0
HD 108874 c,1.018,0.3,0.3,0.3,0.3,0.67535,0.0
HD 109246 b,0.77,0.09,0.09,0.09,0.09,0.67535,0.0
HD 109271 Ab,0.054,0.004,0.004,0.004,0.004,0.67535,0.0
HD 109271 Ac,0.076,0.007,0.007,0.007,0.007,0.67535,0.0
HD 109286 b,2.99,0.15,0.15,0.15,0.15,0.67535,0.0
HD 109749 Ab,0.28,0.016,0.016,0.016,0.016,0.99,0.0
HD 10975 b,0.45,0.15,0.06,0.15,0.06,0.67535,0.0
HD 110067 b,0.0179,0.00573,0.0056,0.0,0.0,0.19627,0.0027
HD 110067 c,0.0198,0.0198,0.0,0.0,0.0,0.2132,0.0036
HD 110067 d,0.02681,0.0104,0.0104,0.0,0.0,0.2543,0.0036
HD 110067 e,0.0123,0.0123,0.0,0.0,0.0,0.1731,0.0036
HD 110067 f,0.01586,0.0061,0.006,0.0,0.0,0.232,0.0036
HD 110067 g,0.0264,0.0264,0.0,0.0,0.0,0.23258,0.0045
HD 110113 b,0.01432,0.00195,0.00195,0.0,0.0,0.1829,0.0107
HD 110113 c,0.033,0.0038,0.0038,0.0038,0.0038,0.67535,0.0
HD 11112 b,8.176,3.2,0.627,0.0,0.0,0.67535,0.0
HD 111232 b,7.965,0.479,1.128,0.0,0.0,0.67535,0.0
HD 111591 b,4.4,0.4,0.4,0.4,0.4,0.67535,0.0
HD 11231 b,0.434,0.047,0.041,0.047,0.041,0.67535,0.0
HD 112570 b,3.42,0.84,1.4,0.0,0.0,0.67535,0.0
HD 112640 b,5.0,1.0,1.0,1.0,1.0,0.67535,0.0
HD 113337 Ab,3.1,0.2,0.2,0.2,0.2,0.67535,0.0
HD 113337 Ac,7.2,0.5,0.5,0.5,0.5,0.67535,0.0
HD 113538 b,0.36,0.04,0.04,0.04,0.04,0.67535,0.0
HD 113538 c,0.93,0.06,0.06,0.06,0.06,0.67535,0.0
HD 114082 b,8.0,1.0,1.0,0.0,0.0,1.0,0.03
HD 114386 b,1.24,0.0,0.0,0.0,0.0,0.67535,0.0
HD 114386 c,1.19,0.0,0.0,0.0,0.0,0.67535,0.0
HD 114613 b,0.357,0.032,0.032,0.032,0.032,1.182,0.0
HD 114729 Ab,0.84,0.0,0.0,0.0,0.0,0.67535,0.0
HD 114783 b,6.3,2.97,26.9,0.06,0.06,0.67535,0.0
HD 114783 c,1.9,0.4,0.5,0.0053,0.0056,0.67535,0.0
HD 11505 Ab,7.899,1.703,3.245,0.0,0.0,0.67535,0.0
HD 11506 b,4.88,0.333,1.986,0.52,0.52,0.67535,0.0
HD 11506 c,0.408,0.057,0.057,0.057,0.057,0.67535,0.0
HD 11506 d,12.8,0.3,0.6,0.0,0.0,0.67535,0.0
HD 115404 Ab,0.097,0.022,0.02,0.022,0.02,0.67535,0.0
HD 115404 Ac,10.319,1.209,1.473,0.0,0.0,0.67535,0.0
HD 115587 b,0.7,0.0,0.0,0.0,0.0,0.49,0.0
HD 115954 Ab,8.5,0.4,0.6,0.58,0.75,0.67535,0.0
HD 116029 Ab,2.1,0.2,0.2,0.2,0.2,0.67535,0.0
HD 116029 Ac,1.27,0.1,0.1,0.1,0.1,0.67535,0.0
HD 117207 b,2.06,0.0,0.0,0.0,0.0,0.67535,0.0
HD 11755 b,6.5,1.0,1.0,1.0,1.0,0.67535,0.0
HD 117618 b,0.174,0.014,0.014,0.014,0.014,0.67535,0.0
HD 118203 b,2.17,0.08,0.08,0.0,0.0,1.14,0.03
HD 118203 c,11.9,0.6,0.7,0.0,0.0,0.67535,0.0
HD 118904 Ab,3.1,1.2,1.2,1.2,1.2,0.67535,0.0
HD 11964 Ab,0.622,0.056,0.056,0.056,0.056,0.67535,0.0
HD 11964 Ac,0.079,0.01,0.01,0.01,0.01,0.67535,0.0
HD 120084 b,4.5,0.0,0.0,0.0,0.0,0.67535,0.0
HD 121504 Ab,1.22,0.0,0.0,0.0,0.0,0.67535,0.0
HD 122562 c,0.23,0.065,0.045,0.065,0.045,0.67535,0.0
HD 124330 Ab,0.75,0.06,0.06,0.06,0.06,0.67535,0.0
HD 12484 b,2.98,0.14,0.14,0.14,0.14,0.67535,0.0
HD 125271 b,10.904,1.253,1.876,0.0,0.0,0.67535,0.0
HD 125390 b,22.16,0.96,0.96,0.96,0.96,1.08,0.0
HD 125595 b,0.042,0.004,0.004,0.004,0.004,0.67535,0.0
HD 125612 Ab,3.0,0.0,0.0,0.0,0.0,0.67535,0.0
HD 125612 Ac,0.058,0.0,0.0,0.0,0.0,0.67535,0.0
HD 125612 Ad,7.2,0.0,0.0,0.0,0.0,0.67535,0.0
HD 12648 b,2.9,0.4,0.4,0.4,0.4,0.67535,0.0
HD 126525 b,0.224,0.0182,0.0182,0.0182,0.0182,0.67535,0.0
HD 126614 Ab,0.38,0.04,0.04,0.04,0.04,0.67535,0.0
HD 12661 b,2.3,0.0,0.0,0.0,0.0,0.67535,0.0
HD 12661 c,1.57,0.0,0.0,0.0,0.0,0.67535,0.0
HD 127506 b,0.086,0.025,0.016,0.025,0.016,0.67535,0.0
HD 128311 b,2.18,0.022,0.022,0.022,0.022,0.67535,0.0
HD 128311 c,3.79,0.43,0.92,0.3,0.3,0.67535,0.0
HD 128356 b,0.89,0.07,0.07,0.07,0.07,0.67535,0.0
HD 128717 b,12.8,0.0,0.0,0.0,0.0,0.67535,0.0
HD 129445 b,1.6,0.6,0.6,0.6,0.6,0.67535,0.0
HD 130322 b,1.1,0.1,1.0,0.0,0.0,0.67535,0.0
HD 131496 b,2.2,0.2,0.2,0.2,0.2,0.67535,0.0
HD 13167 Ab,3.31,0.16,0.16,0.16,0.16,1.167,0.0
HD 132406 b,6.7,2.1,2.1,0.0,0.0,0.67535,0.0
HD 132563 Bb,1.49,0.09,0.09,0.09,0.09,0.67535,0.0
HD 133131 Ab,1.43,0.04,0.04,0.04,0.04,0.67535,0.0
HD 133131 Ac,0.48,0.14,0.14,0.14,0.14,0.67535,0.0
HD 133131 Bb,2.5,0.05,0.05,0.05,0.05,0.67535,0.0
HD 134060 b,0.0351,0.0021,0.0021,0.0021,0.0021,0.67535,0.0
HD 134060 c,0.1507,0.071,0.071,0.071,0.071,0.67535,0.0
HD 134606 Ab,0.0292,0.003,0.003,0.003,0.003,0.67535,0.0
HD 134606 Ac,0.0382,0.0048,0.0048,0.0048,0.0048,0.67535,0.0
HD 134606 Ad,0.141,0.0091,0.0091,0.0091,0.0091,0.67535,0.0
HD 134606 Ae,0.00736,0.0011,0.0011,0.0011,0.0011,0.67535,0.0
HD 134606 Af,0.01737,0.0023,0.00233,0.0023,0.00233,0.67535,0.0
HD 135625 b,2.3,0.3,0.8,0.0,0.0,0.67535,0.0
HD 135872 Ab,5.489,0.098,1.443,0.0,0.0,0.67535,0.0
HD 136418 b,2.0,0.1,0.1,0.1,0.1,0.67535,0.0
HD 136925 b,0.84,0.078,0.078,0.078,0.078,0.67535,0.0
HD 13724 c,0.16,0.021,0.025,0.021,0.025,0.67535,0.0
HD 137388 b,0.223,0.029,0.029,0.029,0.029,0.67535,0.0
HD 137496 b,0.01271,0.00173,0.00173,0.0,0.0,0.1169,0.0054
HD 137496 c,7.66,0.11,0.11,0.11,0.11,0.67535,0.0
HD 13808 b,0.03599,0.0025,0.0025,0.0025,0.0025,0.67535,0.0
HD 13808 c,0.0315,0.0038,0.0038,0.0038,0.0038,0.67535,0.0
HD 13908 b,0.865,0.035,0.035,0.035,0.035,0.67535,0.0
HD 13908 c,5.13,0.25,0.25,0.25,0.25,0.67535,0.0
HD 13931 b,1.88,0.15,0.15,0.15,0.15,0.67535,0.0
HD 139357 b,9.76,2.15,2.15,2.15,2.15,0.67535,0.0
HD 1397 b,0.415,0.02,0.02,0.0,0.0,1.026,0.027
HD 14082 Bb,5.4,3.0,3.0,0.0,0.0,0.67535,0.0
HD 140901 Ab,0.05,0.009,0.003,0.009,0.003,0.67535,0.0
HD 140901 Ac,6.284,5.0,1.34,5.0,1.34,0.67535,0.0
HD 141399 b,0.451,0.03,0.03,0.03,0.03,0.67535,0.0
HD 141399 c,1.33,0.08,0.08,0.08,0.08,0.67535,0.0
HD 141399 d,1.18,0.08,0.08,0.08,0.08,0.67535,0.0
HD 141399 e,0.66,0.1,0.1,0.1,0.1,0.67535,0.0
HD 142022 Ab,4.51,0.61,0.91,1.5,2.6,0.67535,0.0
HD 142245 Ab,1.9,0.2,0.2,0.2,0.2,0.67535,0.0
HD 142415 b,1.62,0.0,0.0,0.0,0.0,0.67535,0.0
HD 142666 b,5.0,0.0,0.0,0.0,0.0,0.67535,0.0
HD 142 Ab,1.25,0.15,0.15,0.15,0.15,0.67535,0.0
HD 142 Ac,5.3,0.7,0.7,0.7,0.7,0.67535,0.0
HD 142 Ad,0.26,0.036,0.032,0.0,0.0,0.67535,0.0
HD 143105 b,1.21,0.06,0.06,0.06,0.06,0.67535,0.0
HD 143361 Ab,3.12,1.44,1.44,1.44,1.44,0.67535,0.0
HD 144899 Ab,0.064,0.016,0.021,0.016,0.021,0.67535,0.0
HD 145377 b,5.76,0.1,0.1,0.1,0.1,0.67535,0.0
HD 145457 b,2.9,0.0,0.0,0.0,0.0,0.67535,0.0
HD 145934 Ab,2.072,0.048,1.634,0.6,0.6,0.67535,0.0
HD 1461 b,0.0203,0.0019,0.0019,0.0019,0.0019,0.67535,0.0
HD 1461 c,0.0176,0.0023,0.0023,0.0023,0.0023,0.67535,0.0
HD 147018 b,2.12,0.07,0.07,0.07,0.07,0.67535,0.0
HD 147018 c,6.56,0.32,0.32,0.32,0.32,0.67535,0.0
HD 147379 Ab,0.068,0.0035,0.0035,0.0035,0.0035,0.67535,0.0
HD 147513 Ab,1.21,0.0,0.0,0.0,0.0,0.67535,0.0
HD 147873 Ab,5.14,0.34,0.34,0.34,0.34,0.67535,0.0
HD 147873 Ac,2.3,0.18,0.18,0.18,0.18,0.67535,0.0
HD 14787 b,1.121,0.069,0.069,0.069,0.069,1.25,0.0
HD 148156 b,0.85,0.05,0.06,0.05,0.06,0.67535,0.0
HD 148164 b,5.16,0.82,0.82,0.82,0.82,0.67535,0.0
HD 148164 c,1.23,0.25,0.25,0.25,0.25,0.67535,0.0
HD 149026 b,0.28,0.03,0.03,0.0,0.0,0.74,0.02
HD 149143 b,1.33,0.0,0.0,0.0,0.0,1.05,0.0
HD 149806 Ab,12.597,2.782,2.694,0.0,0.0,0.67535,0.0
HD 150010 Ab,2.4,0.4,0.4,0.4,0.4,0.67535,0.0
HD 1502 b,2.75,0.16,0.16,0.16,0.16,1.183,0.0
HD 150433 b,0.168,0.0197,0.0197,0.0197,0.0197,0.67535,0.0
HD 150706 b,2.43,0.38,0.48,0.66,1.14,0.67535,0.0
HD 151450 Ab,0.121,0.025,0.019,0.0,0.0,0.67535,0.0
HD 151450 Ac,5.148,1.058,1.18,0.0,0.0,0.67535,0.0
HD 152079 b,3.0,2.0,2.0,2.0,2.0,0.67535,0.0
HD 152581 b,1.5,0.1,0.1,0.1,0.1,0.67535,0.0
HD 152843 b,0.0309,0.0005,0.00053,0.0,0.0,0.2721,0.0098
HD 152843 c,0.03043,0.006,0.006,0.0,0.0,0.5299,0.0143
HD 153557 Ab,0.064,0.007,0.006,0.007,0.006,0.67535,0.0
HD 153557 Ac,0.055,0.006,0.005,0.006,0.005,0.67535,0.0
HD 153950 b,2.73,0.05,0.05,0.05,0.05,0.67535,0.0
HD 154088 b,0.0208,0.0025,0.0025,0.0025,0.0025,0.67535,0.0
HD 154345 b,1.186,0.059,0.095,0.3,0.3,0.67535,0.0
HD 154391 b,9.1,1.9,2.8,0.0,0.0,0.67535,0.0
HD 154672 Ab,5.02,0.17,0.17,0.17,0.17,0.67535,0.0
HD 154857 b,2.24,0.05,0.05,0.05,0.05,0.67535,0.0
HD 154857 c,2.58,0.16,0.16,0.16,0.16,0.67535,0.0
HD 155193 b,0.75,0.06,0.06,0.06,0.06,0.67535,0.0
HD 155358 b,0.85,0.05,0.05,0.05,0.05,0.67535,0.0
HD 155358 c,0.82,0.07,0.07,0.07,0.07,0.67535,0.0
HD 155555 (AB)b,3.8,1.2,1.2,0.0,0.0,0.67535,0.0
HD 155918 Ab,0.024,0.004,0.003,0.004,0.003,0.67535,0.0
HD 155918 Ac,5.909,0.766,0.653,0.0,0.0,0.67535,0.0
HD 156098 b,0.05,0.004,0.011,0.004,0.011,0.67535,0.0
HD 156098 c,5.228,1.287,1.938,0.0,0.0,0.67535,0.0
HD 156279 b,9.71,0.66,0.66,0.66,0.66,0.67535,0.0
HD 156279 c,9.75,0.605,1.319,0.55,0.55,0.67535,0.0
HD 156411 b,0.74,0.04,0.05,0.04,0.05,0.67535,0.0
HD 156668 b,0.0131,0.0018,0.0018,0.0018,0.0018,0.67535,0.0
HD 156668 c,0.099,0.008,0.007,0.008,0.007,0.67535,0.0
HD 156846 Ab,10.45,0.05,0.05,0.0,0.0,0.67535,0.0
HD 157172 Ab,0.12,0.0,0.0,0.0,0.0,0.67535,0.0
HD 158038 Ab,1.8,0.2,0.2,0.2,0.2,0.67535,0.0
HD 158259 b,0.00698,0.00142,0.00123,0.00142,0.00123,0.107,0.116
HD 158259 c,0.01762,0.00186,0.0019,0.00186,0.0019,0.67535,0.0
HD 158259 d,0.01702,0.00223,0.00233,0.00223,0.00233,0.67535,0.0
HD 158259 e,0.01913,0.00324,0.00296,0.00324,0.00296,0.67535,0.0
HD 158259 f,0.01932,0.00431,0.00412,0.00431,0.00412,0.67535,0.0
HD 159243 b,1.13,0.05,0.05,0.05,0.05,0.67535,0.0
HD 159243 c,1.9,0.13,0.13,0.13,0.13,0.67535,0.0
HD 159868 b,2.218,0.0591,0.0591,0.0591,0.0591,1.202,0.0
HD 159868 c,0.768,0.044,0.044,0.044,0.044,1.269,0.0
HD 1605 b,0.96,0.04,0.06,0.04,0.06,0.67535,0.0
HD 1605 c,3.48,0.11,0.13,0.11,0.13,0.67535,0.0
HD 161178 b,0.57,0.16,0.02,0.16,0.02,0.67535,0.0
HD 16175 b,4.77,0.37,0.37,0.37,0.37,0.67535,0.0
HD 163607 b,0.7836,0.0098,0.0098,0.0098,0.0098,1.269,0.0
HD 163607 c,2.201,0.037,0.037,0.037,0.037,1.202,0.0
HD 164428 b,5.7,1.3,1.3,1.3,1.3,0.67535,0.0
HD 164509 Ab,0.47,0.02,0.03,0.02,0.03,0.67535,0.0
HD 164595 Ab,0.0516,0.00856,0.00856,0.00856,0.00856,0.67535,0.0
HD 164922 b,0.365,0.038,0.031,0.038,0.031,0.67535,0.0
HD 164922 c,0.041,0.006,0.009,0.006,0.009,0.67535,0.0
HD 164922 d,0.0331,0.0031,0.0031,0.0031,0.0031,0.67535,0.0
HD 164922 e,0.0331,0.00311,0.00311,0.00311,0.00311,0.67535,0.0
HD 165155 b,2.89,0.23,0.23,0.23,0.23,0.67535,0.0
HD 1666 Ab,6.43,0.22,0.31,0.22,0.31,0.67535,0.0
HD 166724 b,3.53,0.11,0.11,0.11,0.11,0.67535,0.0
HD 167042 b,1.6,0.0,0.0,0.0,0.0,0.67535,0.0
HD 167677 b,2.85,1.0,1.0,0.0,0.0,0.67535,0.0
HD 167768 b,0.85,0.12,0.12,0.12,0.12,0.67535,0.0
HD 168009 b,0.0299,0.0038,0.0038,0.0038,0.0038,0.67535,0.0
HD 168443 b,7.659,0.0975,0.0975,0.0975,0.0975,0.67535,0.0
HD 168746 b,0.23,0.0,0.0,0.0,0.0,0.67535,0.0
HD 168863 b,6.78,1.096,1.114,0.0,0.0,0.67535,0.0
HD 16905 Ab,9.065,1.41,1.31,0.0,0.0,0.67535,0.0
HD 1690 b,6.1,0.9,0.9,0.9,0.9,0.67535,0.0
HD 169142 b,3.0,2.0,2.0,0.0,0.0,0.67535,0.0
HD 169830 b,2.88,0.0,0.0,0.0,0.0,0.67535,0.0
HD 169830 c,4.04,0.0,0.0,0.0,0.0,0.67535,0.0
HD 170469 Ab,0.67,0.0,0.0,0.0,0.0,0.67535,0.0
HD 17092 b,4.6,0.3,0.3,0.3,0.3,0.67535,0.0
HD 171028 b,1.98,0.0,0.0,0.0,0.0,0.67535,0.0
HD 171238 b,2.6,0.15,0.15,0.15,0.15,0.67535,0.0
HD 17156 b,3.195,0.034,0.034,0.033,0.033,1.095,0.02
HD 173416 b,2.7,0.3,0.3,0.3,0.3,0.67535,0.0
HD 174205 b,4.2,0.5,0.5,0.5,0.5,0.67535,0.0
HD 175167 b,10.2,0.4,0.4,3.5,3.5,0.67535,0.0
HD 175370 b,4.6,1.0,1.0,1.0,1.0,0.67535,0.0
HD 175541 b,0.61,0.0,0.0,0.0,0.0,0.67535,0.0
HD 175607 b,0.0283,0.0035,0.0035,0.0035,0.0035,0.67535,0.0
HD 176051 Bb,1.5,0.3,0.3,0.0,0.0,0.67535,0.0
HD 17674 b,0.87,0.06,0.07,0.06,0.07,0.67535,0.0
HD 176986 b,0.0181,0.0021,0.0021,0.0021,0.0021,0.67535,0.0
HD 176986 c,0.0289,0.0031,0.0031,0.0031,0.0031,0.67535,0.0
HD 177830 Ab,1.49,0.03,0.03,0.03,0.03,0.67535,0.0
HD 177830 Ac,0.15,0.03,0.03,0.03,0.03,0.67535,0.0
HD 178911 Bb,6.292,0.059,0.059,0.059,0.059,0.67535,0.0
HD 179079 b,0.076,0.012,0.012,0.012,0.012,0.67535,0.0
HD 179949 b,0.92,0.0,0.0,0.0,0.0,1.05,0.0
HD 180053 b,2.194,0.063,0.063,0.063,0.063,1.203,0.0
HD 18015 Ab,3.18,0.23,0.23,0.23,0.23,1.17,0.0
HD 180902 b,1.685,0.41,0.41,0.41,0.41,1.221,0.0
HD 181234 Ab,9.379,0.993,1.01,0.36,0.36,0.67535,0.0
HD 181342 b,2.54,0.19,0.19,0.19,0.19,1.19,0.0
HD 181433 b,0.0223,0.0003,0.0003,0.0003,0.0003,0.67535,0.0
HD 181433 c,0.674,0.003,0.003,0.003,0.003,0.67535,0.0
HD 181433 d,0.612,0.004,0.004,0.004,0.004,0.67535,0.0
HD 18143 Ab,0.034,0.007,0.005,0.007,0.005,0.67535,0.0
HD 18143 Ac,9.998,1.871,1.961,0.0,0.0,0.67535,0.0
HD 181720 b,12.12,5.88,0.0,0.0,0.0,0.67535,0.0
HD 183263 Ab,3.67,0.3,0.3,0.3,0.3,0.67535,0.0
HD 183263 Ac,3.82,0.59,0.59,0.59,0.59,0.67535,0.0
HD 183579 b,0.0302,0.132,0.0142,0.0,0.0,0.3149,0.0098
HD 184010 b,0.3,0.07,0.07,0.07,0.07,0.67535,0.0
HD 184010 c,0.28,0.1,0.1,0.1,0.1,0.67535,0.0
HD 184010 d,0.46,0.08,0.08,0.08,0.08,0.67535,0.0
HD 185269 Ab,0.94,0.0,0.0,0.0,0.0,0.67535,0.0
HD 185283 Ab,1.3,0.1,0.3,0.0,0.0,0.67535,0.0
HD 187085 b,0.75,0.0,0.0,0.0,0.0,0.67535,0.0
HD 187123 b,1.4,0.3,0.5,0.04,0.04,0.67535,0.0
HD 187123 c,1.99,0.25,0.25,0.25,0.25,0.67535,0.0
HD 18742 b,3.4,1.2,1.2,1.2,1.2,1.166,0.0
HD 188015 Ab,1.26,0.0,0.0,0.0,0.0,0.67535,0.0
HD 189567 b,0.0267,0.0019,0.0019,0.0019,0.0019,0.67535,0.0
HD 189567 c,0.022,0.0028,0.0028,0.0028,0.0028,0.67535,0.0
HD 189733 Ab,1.138,0.025,0.025,0.0,0.0,1.138,0.077
HD 190007 b,0.05179,0.00522,0.00522,0.00522,0.00522,0.67535,0.0
HD 190228 b,6.0,1.0,1.2,1.0,1.0,0.67535,0.0
HD 190622 b,0.0242,0.003,0.003,0.0,0.0,0.27541,0.00473
HD 190622 c,0.714,0.0211,0.0211,0.0211,0.0211,0.67535,0.0
HD 190647 b,1.9,0.06,0.06,0.06,0.06,0.67535,0.0
HD 190984 b,3.1,0.0,0.0,0.0,0.0,0.67535,0.0
HD 191806 b,8.52,0.63,0.63,0.63,0.63,0.67535,0.0
HD 191939 b,0.031,0.0022,0.0022,0.0,0.0,0.303,0.071
HD 191939 c,0.0227,0.0044,0.0044,0.0,0.0,0.2748,0.062
HD 191939 d,0.0182,0.0182,0.0,0.0,0.0,0.2712,0.0062
HD 191939 e,0.34,0.009,0.009,0.009,0.009,0.67535,0.0
HD 191939 f,6.5,4.5,4.5,4.5,4.5,0.67535,0.0
HD 191939 g,0.0488,0.006,0.006,0.006,0.006,0.67535,0.0
HD 192263 b,0.733,0.015,0.015,0.015,0.015,0.67535,0.0
HD 192699 b,2.096,0.093,0.093,0.093,0.093,1.206,0.0
HD 194490 b,11.207,1.329,1.764,0.0,0.0,0.67535,0.0
HD 195019 Ab,3.7,0.3,0.3,0.3,0.3,0.67535,0.0
HD 196050 Ab,2.83,0.0,0.0,0.0,0.0,0.67535,0.0
HD 19615 b,8.6,53.5,0.0,0.7,0.7,0.67535,0.0
HD 196885 Ab,2.67,0.63,1.4,0.05,0.05,0.67535,0.0
HD 197037 Ab,0.79,0.05,0.05,0.05,0.05,0.67535,0.0
HD 199509 Ab,0.136,0.016,0.012,0.016,0.012,0.67535,0.0
HD 20003 b,0.0378,0.0031,0.0031,0.0031,0.0031,0.67535,0.0
HD 20003 c,0.0422,0.004,0.004,0.004,0.004,0.67535,0.0
HD 200964 b,1.85,0.08,0.14,0.08,0.14,0.67535,0.0
HD 200964 c,0.895,0.063,0.123,0.063,0.123,0.67535,0.0
HD 202432 b,1.9,0.4,0.4,0.4,0.4,0.67535,0.0
HD 202696 Ab,1.991,0.011,0.174,0.011,0.174,0.67535,0.0
HD 202696 Ac,1.917,0.212,0.116,0.212,0.116,0.67535,0.0
HD 202772 Ab,1.008,0.079,0.074,0.0,0.0,1.562,0.069
HD 203030 Ab,11.0,4.0,4.0,0.0,0.0,1.3,0.04
HD 20329 b,0.02335,0.00343,0.00343,0.0,0.0,0.1534,0.0062
HD 20367 b,1.07,0.0,0.0,0.0,0.0,0.67535,0.0
HD 2039 b,6.11,0.82,0.82,0.82,0.82,0.67535,0.0
HD 204313 b,4.28,0.3,0.3,0.3,0.3,0.67535,0.0
HD 204313 c,0.0553,0.0053,0.0053,0.0053,0.0053,0.67535,0.0
HD 204941 Ab,0.266,0.032,0.032,0.032,0.032,0.67535,0.0
HD 205158 b,0.392,0.045,0.039,0.045,0.039,0.67535,0.0
HD 205739 b,1.37,0.09,0.07,0.09,0.07,0.67535,0.0
HD 206255 b,0.1076,0.0223,0.0223,0.0223,0.0223,0.67535,0.0
HD 206610 b,2.2,0.1,0.1,0.1,0.1,0.67535,0.0
HD 206893 c,10.31,2.2,2.4,0.0,0.0,1.46,0.06
HD 207496 Ab,0.0192,0.005,0.005,0.0,0.0,0.2007,0.0107
HD 20781 b,0.00607,0.00123,0.00123,0.00123,0.00123,0.67535,0.0
HD 20781 c,0.01677,0.00211,0.0022,0.00211,0.0022,0.67535,0.0
HD 20781 d,0.0334,0.0037,0.0038,0.0037,0.0038,0.67535,0.0
HD 20781 e,0.0442,0.0049,0.0049,0.0049,0.0049,0.67535,0.0
HD 20782 b,1.9,0.5,0.5,0.5,0.5,0.67535,0.0
HD 207832 Ab,0.56,0.03,0.06,0.03,0.06,0.67535,0.0
HD 207832 Ac,0.73,0.05,0.18,0.05,0.18,0.67535,0.0
HD 207897 b,0.05,0.005,0.005,0.0,0.0,0.22348,0.0071
HD 208487 b,0.413,0.05,0.05,0.05,0.05,0.67535,0.0
HD 208487 c,0.46,0.1,0.1,0.0,0.0,0.67535,0.0
HD 208527 b,9.9,1.7,1.7,1.7,1.7,0.67535,0.0
HD 20868 b,1.99,0.05,0.05,0.05,0.05,0.67535,0.0
HD 208897 b,1.4,0.08,0.08,0.08,0.08,0.67535,0.0
HD 209458 b,0.69,0.017,0.017,0.017,0.017,1.38,0.018
HD 210193 b,0.4817,0.0733,0.0733,0.0733,0.0733,0.67535,0.0
HD 210277 b,1.23,0.03,0.03,0.03,0.03,0.67535,0.0
HD 210702 Ab,1.808,0.097,0.097,0.097,0.097,1.216,0.0
HD 211403 b,5.54,0.39,0.39,0.39,0.39,0.67535,0.0
HD 211810 b,0.67,0.44,0.44,0.44,0.44,0.67535,0.0
HD 211970 b,0.0409,0.0079,0.0079,0.0079,0.0079,0.67535,0.0
HD 212301 Ab,0.4,0.0,0.0,0.0,0.0,1.07,0.0
HD 212771 b,2.3,0.4,0.4,0.4,0.4,0.67535,0.0
HD 213240 Ab,4.5,0.0,0.0,0.0,0.0,0.67535,0.0
HD 213472 b,3.48,0.59,1.1,0.59,1.1,0.67535,0.0
HD 213519 Ab,0.029,0.004,0.009,0.004,0.009,0.67535,0.0
HD 213885 Ab,0.02778,0.00208,0.00208,0.0,0.0,0.15568,0.00464
HD 213885 Ac,0.06277,0.00434,0.00434,0.00434,0.00434,0.67535,0.0
HD 21411 b,0.2073,0.0805,0.0805,0.0805,0.0805,0.67535,0.0
HD 214823 Ab,20.56,0.31,0.31,0.31,0.31,1.082,0.0
HD 215152 b,0.00628,0.00235,0.0013,0.00235,0.0013,0.67535,0.0
HD 215152 c,0.004801,0.00177,0.00249,0.00177,0.00249,0.67535,0.0
HD 215152 d,0.008511,0.00259,0.00287,0.00259,0.00287,0.67535,0.0
HD 215152 e,0.01091,0.006711,0.00145,0.006711,0.00145,0.67535,0.0
HD 21520 b,0.0249,0.0094,0.0101,0.009,0.0101,0.24061,0.008
HD 215456 Ab,0.101,0.0,0.0,0.0,0.0,0.67535,0.0
HD 215456 Ac,0.246,0.0,0.0,0.0,0.0,0.67535,0.0
HD 215497 b,0.02,0.0,0.0,0.0,0.0,0.67535,0.0
HD 215497 c,0.33,0.0,0.0,0.0,0.0,0.67535,0.0
HD 216520 b,0.03228,0.00311,0.00311,0.00311,0.00311,0.67535,0.0
HD 216520 c,0.0297,0.00513,0.00513,0.00513,0.00513,0.67535,0.0
HD 216536 b,1.47,0.12,0.2,0.12,0.2,0.67535,0.0
HD 216770 b,0.65,0.0,0.0,0.0,0.0,0.67535,0.0
HD 21693 b,0.0322,0.0046,0.0046,0.0046,0.0046,0.67535,0.0
HD 21693 c,0.06472,0.0057,0.0057,0.0057,0.0057,0.67535,0.0
HD 217107 b,1.446,0.067,0.18,0.06,0.057,0.67535,0.0
HD 217107 c,4.37,0.1,0.13,0.23,0.23,0.67535,0.0
HD 217786 Ac,0.023,0.002,0.002,0.002,0.002,0.67535,0.0
HD 217958 Ab,0.524,0.063,0.347,0.0,0.0,0.67535,0.0
HD 218566 b,0.21,0.02,0.02,0.02,0.02,0.67535,0.0
HD 219134 b,0.01343,0.00107,0.00107,0.0,0.0,0.134,0.00509
HD 219134 c,0.01246,0.00107,0.00107,0.000148,0.000148,0.12624,0.00437
HD 219134 d,0.05236,0.0,0.0,0.004,0.004,0.67535,0.0
HD 219134 e,0.223,0.006,0.189,0.006,0.189,0.67535,0.0
HD 219134 f,0.0208,0.0,0.0,0.003,0.003,0.67535,0.0
HD 219134 g,0.034,0.004,0.004,0.004,0.004,0.67535,0.0
HD 219134 h,0.308,0.014,0.014,0.014,0.014,0.67535,0.0
HD 219139 b,0.78,0.2,0.05,0.2,0.05,0.67535,0.0
HD 219415 b,1.0,0.0,0.0,0.0,0.0,0.67535,0.0
HD 219666 b,0.0522,0.0041,0.0041,0.0,0.0,0.4202,0.0152
HD 219828 b,0.0661,0.0044,0.0044,0.0044,0.0044,0.67535,0.0
HD 220074 b,11.1,1.8,1.8,1.8,1.8,0.67535,0.0
HD 220197 b,0.2,0.04,0.07,0.04,0.07,0.67535,0.0
HD 220689 b,1.06,0.09,0.09,0.09,0.09,0.67535,0.0
HD 220842 Ab,3.18,0.15,0.15,0.15,0.15,0.67535,0.0
HD 221287 b,3.09,0.79,0.79,0.79,0.79,0.67535,0.0
HD 221416 b,0.1904,0.0179,0.0179,0.0,0.0,0.836,0.028
HD 221585 b,1.61,0.14,0.14,0.14,0.14,0.67535,0.0
HD 222076 b,1.56,0.11,0.11,0.11,0.11,0.67535,0.0
HD 222155 b,1.9,0.53,0.67,0.53,0.67,0.67535,0.0
HD 222237 b,5.19,0.58,0.58,0.0,0.0,0.67535,0.0
HD 222582 Ab,7.75,0.65,0.65,0.65,0.65,0.67535,0.0
HD 224538 b,6.531,0.349,1.836,0.42,0.42,0.67535,0.0
HD 224693 b,0.71,0.0,0.0,0.0,0.0,0.67535,0.0
HD 22496 b,0.01753,0.00214,0.0023,0.00214,0.0023,0.67535,0.0
HD 22532 b,2.12,0.09,0.09,0.09,0.09,0.67535,0.0
HD 22946 b,0.00821,0.00085,0.00085,0.0,0.0,0.12151,0.0036
HD 22946 c,0.0208,0.00053,0.00053,0.0,0.0,0.20769,0.0036
HD 22946 d,0.0249,0.0009,0.0009,0.0,0.0,0.23258,0.0054
HD 23079 b,2.45,0.21,0.21,0.21,0.21,0.67535,0.0
HD 23127 b,1.5,0.2,0.2,0.2,0.2,0.67535,0.0
HD 231701 b,1.08,0.0,0.0,0.0,0.0,0.67535,0.0
HD 233604 b,6.575,0.0,0.0,0.0,0.0,0.67535,0.0
HD 233832 Ab,2.72,0.23,0.23,0.23,0.23,0.67535,0.0
HD 23472 Ab,0.02618,0.00249,0.00249,0.0,0.0,0.16701,0.11785
HD 23472 Ac,0.01073,0.0025,0.00277,0.0,0.0,0.1668,0.0107
HD 23472 Ad,0.00173,0.0006,0.0006,0.0,0.0,0.0669,0.00509
HD 23472 Ae,0.00227,0.00088,0.00088,0.0,0.0,0.07298,0.0058
HD 23472 Af,0.00242,0.0013,0.00138,0.0,0.0,0.10144,0.00687
HD 23596 Ab,11.914,1.768,0.99,0.0,0.0,0.67535,0.0
HD 238090 Ab,0.02168,0.00299,0.00299,0.00299,0.00299,0.67535,0.0
HD 238914 b,6.0,2.7,2.7,2.7,2.7,0.67535,0.0
HD 240210 b,6.9,0.0,0.0,0.0,0.0,0.67535,0.0
HD 240237 b,5.3,0.0,0.0,0.0,0.0,0.67535,0.0
HD 24040 b,4.01,0.49,0.49,0.49,0.49,0.67535,0.0
HD 24040 c,0.201,0.027,0.027,0.027,0.027,0.67535,0.0
HD 24064 b,9.4,1.3,1.3,1.3,1.3,0.67535,0.0
HD 24085 Bb,0.0371,0.0098,0.0098,0.0098,0.0098,0.67535,0.0
HD 25015 b,9.077,1.823,1.157,0.3,0.3,0.67535,0.0
HD 25171 Ab,0.95,0.1,0.1,0.1,0.1,0.67535,0.0
HD 25723 b,2.51,0.0,0.0,0.0,0.0,0.67535,0.0
HD 25723 c,1.33,0.0,0.0,0.0,0.0,0.67535,0.0
HD 25912 b,0.12,0.013,0.013,0.013,0.013,0.67535,0.0
HD 260655 b,0.00673,0.00107,0.00107,0.0,0.0,0.1106,0.0303
HD 260655 c,0.00972,0.00151,0.00151,0.0,0.0,0.13677,0.0041
HD 2638 Ab,0.48,0.0,0.0,0.0,0.0,1.04,0.0
HD 2685 b,1.18,0.09,0.09,0.0,0.0,1.44,0.01
HD 27631 b,1.45,0.14,0.14,0.14,0.14,0.67535,0.0
HD 27894 b,0.665,0.007,0.009,0.007,0.009,0.67535,0.0
HD 27894 c,0.162,0.04,0.011,0.04,0.011,0.67535,0.0
HD 27894 d,6.493,0.353,0.987,1.214,0.239,0.67535,0.0
HD 27969 b,4.8,0.24,0.24,0.24,0.24,0.67535,0.0
HD 28109 b,0.058195,0.025,0.028,0.0,0.0,0.19618,0.009
HD 28185 b,5.85,0.08,0.08,0.08,0.08,0.67535,0.0
HD 28185 c,6.0,0.6,0.6,0.0,0.0,0.67535,0.0
HD 28192 Ab,0.314,0.031,0.024,0.031,0.024,0.67535,0.0
HD 28254 Ab,1.16,0.06,0.1,0.06,0.1,0.67535,0.0
HD 285507 b,0.917,0.033,0.033,0.033,0.033,0.67535,0.0
HD 28678 b,1.7,0.1,0.1,0.1,0.1,0.67535,0.0
HD 29021 b,2.4,0.2,0.2,0.2,0.2,0.67535,0.0
HD 290327 b,2.54,0.14,0.17,0.14,0.17,0.67535,0.0
HD 29399 Ab,1.57,0.11,0.11,0.11,0.11,0.67535,0.0
HD 2952 b,1.6,0.0,0.0,0.0,0.0,0.67535,0.0
HD 29985 b,5.473,1.157,1.944,0.0,0.0,0.67535,0.0
HD 30177 Ab,8.403,0.489,1.241,0.12,0.12,0.67535,0.0
HD 30177 Ac,6.15,0.341,1.308,0.3,0.3,0.67535,0.0
HD 30562 b,1.29,0.08,0.08,0.08,0.08,0.67535,0.0
HD 30669 b,0.47,0.06,0.06,0.06,0.06,0.67535,0.0
HD 30856 Ab,1.8,0.2,0.2,0.2,0.2,0.67535,0.0
HD 31221 b,12.0,12.0,12.0,0.0,0.0,1.32,0.14
HD 31253 Ab,0.5,0.07,0.07,0.07,0.07,0.67535,0.0
HD 31527 b,0.0363,0.0025,0.0025,0.0025,0.0025,0.67535,0.0
HD 31527 c,0.0498,0.00345,0.00345,0.00345,0.00345,0.67535,0.0
HD 31527 d,0.0519,0.0257,0.0257,0.0257,0.0257,0.67535,0.0
HD 3167 b,0.0158,0.0012,0.0012,0.0,0.0,0.152,0.013
HD 3167 c,0.0308,0.0039,0.00409,0.0,0.0,0.255,0.02
HD 3167 d,0.0217,0.0022,0.0022,0.00142,0.00142,0.67535,0.0
HD 3167 e,0.02646,0.003,0.003,0.003,0.003,0.67535,0.0
HD 32518 b,3.04,0.69,0.69,0.69,0.69,0.67535,0.0
HD 32963 b,0.7,0.03,0.03,0.03,0.03,0.67535,0.0
HD 330075 b,0.62,0.0,0.0,0.0,0.0,1.06,0.0
HD 331093 b,1.5,0.11,0.11,0.11,0.11,0.67535,0.0
HD 33142 b,1.261,0.0,0.0,0.0,0.0,1.235,0.0
HD 33142 c,0.885,0.0,0.0,0.0,0.0,1.277,0.0
HD 33142 d,0.2,0.0,0.0,0.0,0.0,0.67535,0.0
HD 332231 b,0.244,0.021,0.021,0.0,0.0,0.867,0.025
HD 33283 Ab,0.33,0.0,0.0,0.0,0.0,0.99,0.0
HD 33564 b,9.1,0.0,0.0,0.0,0.0,0.67535,0.0
HD 33844 b,1.96,0.12,0.12,0.12,0.12,0.67535,0.0
HD 33844 c,1.75,0.18,0.18,0.18,0.18,0.67535,0.0
HD 34445 b,0.629,0.028,0.028,0.028,0.028,0.67535,0.0
HD 34445 c,0.168,0.016,0.016,0.016,0.016,0.67535,0.0
HD 34445 d,0.097,0.037,0.13,0.037,0.13,0.67535,0.0
HD 34445 e,0.0529,0.0089,0.0089,0.0089,0.0089,0.67535,0.0
HD 34445 f,0.119,0.021,0.021,0.021,0.021,0.67535,0.0
HD 34445 g,0.38,0.13,0.13,0.13,0.13,0.67535,0.0
HD 35759 b,3.76,0.17,0.17,0.17,0.17,0.67535,0.0
HD 35843 b,0.01837,0.00264,0.00264,0.00264,0.00264,0.67535,0.0
HD 35843 c,0.03562,0.0047,0.005,0.0,0.0,0.2266,0.0071
HD 360 b,0.75,0.15,0.15,0.15,0.15,0.67535,0.0
HD 36384 b,6.6,0.5,0.5,0.5,0.5,0.67535,0.0
HD 37124 b,0.675,0.017,0.017,0.017,0.017,0.67535,0.0
HD 37124 c,0.652,0.052,0.052,0.052,0.052,0.67535,0.0
HD 37124 d,0.696,0.059,0.059,0.059,0.059,0.67535,0.0
HD 37605 b,2.813,0.032,0.032,0.032,0.032,0.67535,0.0
HD 37605 c,3.366,0.072,0.072,0.072,0.072,0.67535,0.0
HD 3765 b,0.173,0.014,0.014,0.014,0.014,0.67535,0.0
HD 38283 b,0.34,0.02,0.02,0.02,0.02,0.67535,0.0
HD 38529 Ab,0.93,0.11,0.21,0.0,0.0,0.67535,0.0
HD 38677 b,0.07636,0.005,0.005,0.005,0.005,0.67535,0.0
HD 38677 c,0.0302,0.00497,0.00497,0.00497,0.00497,0.16184,0.0
HD 38677 d,0.01054,0.0011,0.0011,0.0011,0.0011,0.12428,0.0
HD 38677 e,0.01299,0.00359,0.00359,0.00359,0.00359,0.13123,0.0
HD 38801 b,10.13,0.23,0.23,0.23,0.23,1.134,0.0
HD 38858 b,0.0961,0.012,0.012,0.012,0.012,0.67535,0.0
HD 39194 b,0.013,0.0009,0.0009,0.0009,0.0009,0.67535,0.0
HD 39194 c,0.0198,0.0016,0.0016,0.0016,0.0016,0.67535,0.0
HD 39194 d,0.013,0.0019,0.0019,0.0019,0.0019,0.67535,0.0
HD 39855 Ab,0.0267,0.0047,0.0047,0.0047,0.0047,0.67535,0.0
HD 40307 b,0.012,0.00094,0.00094,0.00094,0.00094,0.67535,0.0
HD 40307 c,0.0202,0.0014,0.0014,0.0014,0.0014,0.67535,0.0
HD 40307 d,0.0275,0.0018,0.0018,0.0018,0.0018,0.67535,0.0
HD 40307 e,0.011,0.0044,0.0044,0.0044,0.0044,0.67535,0.0
HD 40307 f,0.0114,0.0019,0.0019,0.0019,0.0019,0.67535,0.0
HD 40307 g,0.0223,0.0082,0.0082,0.0082,0.0082,0.67535,0.0
HD 40956 b,2.7,0.6,0.6,0.6,0.6,0.67535,0.0
HD 40979 Ab,4.01,0.13,0.13,0.13,0.13,0.67535,0.0
HD 41004 Ab,2.54,0.74,0.74,0.74,0.74,0.67535,0.0
HD 41004 Bb,18.4,0.22,0.22,0.22,0.22,1.06,0.0
HD 4113 Ab,1.56,0.04,0.04,0.04,0.04,0.67535,0.0
HD 42012 b,1.6,0.1,0.1,0.1,0.1,0.67535,0.0
HD 4203 b,1.82,0.05,0.05,0.05,0.05,0.67535,0.0
HD 4203 c,2.17,0.52,0.52,0.52,0.52,0.67535,0.0
HD 4208 b,0.804,0.073,0.073,0.073,0.073,0.67535,0.0
HD 42618 b,0.0453,0.0079,0.0079,0.0079,0.0079,0.67535,0.0
HD 42936 Ab,0.00812,0.00182,0.00182,0.00182,0.00182,0.67535,0.0
HD 4308 b,0.0405,0.005,0.005,0.005,0.005,0.67535,0.0
HD 4313 b,2.3,0.2,0.2,0.2,0.2,0.67535,0.0
HD 43197 b,0.6,0.04,0.12,0.04,0.12,0.67535,0.0
HD 43197 c,7.868,1.599,1.76,0.0,0.0,0.67535,0.0
HD 43691 Ab,2.57,0.34,0.3,0.34,0.3,0.67535,0.0
HD 44219 b,0.58,0.04,0.06,0.04,0.06,0.67535,0.0
HD 44385 b,5.9,1.1,1.1,1.1,1.1,0.67535,0.0
HD 45184 b,0.04,0.0,0.0,0.0,0.0,0.67535,0.0
HD 45184 c,0.0277,0.0032,0.0034,0.0032,0.0034,0.67535,0.0
HD 45350 b,1.79,0.14,0.14,0.14,0.14,0.67535,0.0
HD 45364 b,0.1872,0.0,0.0,0.0,0.0,0.67535,0.0
HD 45364 c,0.6579,0.0,0.0,0.0,0.0,0.67535,0.0
HD 45652 b,0.47,0.0,0.0,0.0,0.0,0.67535,0.0
HD 46375 Ab,0.23,0.0,0.0,0.0,0.0,1.02,0.0
HD 46588 b,0.25,0.04,0.06,0.04,0.06,0.67535,0.0
HD 47186 b,0.07167,0.0,0.0,0.0,0.0,0.67535,0.0
HD 47186 c,0.35061,0.0,0.0,0.0,0.0,0.67535,0.0
HD 4732 Ab,2.37,0.34,0.34,0.34,0.34,0.67535,0.0
HD 4732 Ac,2.37,0.38,0.38,0.38,0.38,0.67535,0.0
HD 47366 b,1.75,0.2,0.2,0.2,0.2,0.67535,0.0
HD 47366 c,1.86,0.16,0.16,0.16,0.16,0.67535,0.0
HD 47536 b,5.0,0.0,0.0,0.0,0.0,0.67535,0.0
HD 48265 b,1.16,0.38,0.38,0.38,0.38,0.67535,0.0
HD 48948 b,0.01708,0.0009,0.0009,0.0009,0.0009,0.67535,0.0
HD 48948 c,0.01992,0.005,0.005,0.005,0.005,0.67535,0.0
HD 48948 d,0.0218,0.0039,0.0039,0.0039,0.0039,0.67535,0.0
HD 4917 b,1.615,0.09,0.09,0.09,0.09,1.224,0.0
HD 49674 b,0.1,0.0,0.0,0.0,0.0,0.98,0.0
HD 50499 b,1.45,0.08,0.08,0.08,0.08,0.67535,0.0
HD 50499 c,2.93,0.18,0.73,0.18,0.73,0.67535,0.0
HD 50554 b,5.16,0.0,0.0,0.0,0.0,0.67535,0.0
HD 51608 b,0.04,0.0018,0.0018,0.0018,0.0018,0.67535,0.0
HD 51608 c,0.0521,0.0049,0.0019,0.0049,0.0019,0.67535,0.0
HD 52265 b,1.21,0.05,0.05,0.05,0.05,0.67535,0.0
HD 5278 Ab,0.0245,0.0044,0.0044,0.0,0.0,0.2186,0.0045
HD 5278 Ac,0.0579,0.006,0.0057,0.006,0.0057,0.67535,0.0
HD 5319 b,1.94,0.0,0.0,0.0,0.0,0.67535,0.0
HD 5319 c,1.15,0.08,0.08,0.08,0.08,0.67535,0.0
HD 55696 b,3.87,0.72,0.72,0.72,0.72,0.67535,0.0
HD 5583 b,5.78,0.53,0.53,0.53,0.53,0.67535,0.0
HD 5608 Ab,1.681,0.081,0.081,0.081,0.081,1.222,0.0
HD 564 b,0.33,0.03,0.03,0.03,0.03,0.67535,0.0
HD 56957 b,5.918,4.026,2.879,0.0,0.0,0.67535,0.0
HD 57625 Ab,8.43,0.9,1.1,0.0,0.0,0.67535,0.0
HD 5891 b,7.6,0.4,0.4,0.4,0.4,0.67535,0.0
HD 59686 Ab,6.92,0.24,0.18,0.24,0.18,0.67535,0.0
HD 60292 b,6.5,1.0,1.0,1.0,1.0,0.67535,0.0
HD 60532 b,9.21,0.0,0.0,0.0,0.0,0.67535,0.0
HD 62549 b,8.519,1.04,2.093,0.0,0.0,0.67535,0.0
HD 63433 b,0.0689,0.0689,0.0,0.0,0.0,0.1945,0.008
HD 63433 c,0.0482,0.013,0.0132,0.0,0.0,0.2427,0.009
HD 63454 b,0.39,0.0,0.0,0.0,0.0,1.06,0.0
HD 63765 b,0.64,0.05,0.05,0.05,0.05,0.67535,0.0
HD 63935 b,0.033,0.005,0.005,0.0,0.0,0.2668,0.0125
HD 63935 c,0.0349,0.0076,0.0076,0.0,0.0,0.259,0.0116
HD 64121 b,2.56,0.19,0.19,0.19,0.19,0.67535,0.0
HD 6434 b,0.39,0.0,0.0,0.0,0.0,0.67535,0.0
HD 65216 Ab,1.295,0.062,0.062,0.062,0.062,0.67535,0.0
HD 65216 Ac,2.03,0.11,0.11,0.11,0.11,0.67535,0.0
HD 66428 b,10.946,3.845,2.442,0.027,0.027,0.67535,0.0
HD 67087 b,3.06,0.2,0.22,0.2,0.22,0.67535,0.0
HD 67087 c,4.85,3.61,10.0,3.61,10.0,0.67535,0.0
HD 68402 b,3.07,0.35,0.35,0.35,0.35,0.67535,0.0
HD 68988 b,1.86,0.16,0.16,0.16,0.16,0.67535,0.0
HD 69123 b,3.04,0.16,0.16,0.16,0.16,0.67535,0.0
HD 69830 b,0.1427,0.0928,0.0,0.0,0.0,0.67535,0.0
HD 69830 c,0.1649,0.1072,0.0,0.0,0.0,0.67535,0.0
HD 69830 d,0.2529,0.1644,0.0,0.0,0.0,0.67535,0.0
HD 70642 b,2.0,0.0,0.0,0.0,0.0,0.67535,0.0
HD 7199 b,0.29,0.023,0.023,0.023,0.023,0.67535,0.0
HD 72490 b,1.768,0.08,0.08,0.08,0.08,1.218,0.0
HD 72659 b,2.988,0.098,2.586,0.14,0.14,0.67535,0.0
HD 72892 Ab,5.468,0.475,0.452,0.475,0.452,0.67535,0.0
HD 73267 b,4.158,0.519,0.681,0.07,0.07,0.67535,0.0
HD 73267 c,5.131,0.282,0.912,0.0,0.0,0.67535,0.0
HD 73344 b,0.039,0.039,0.0,0.0,0.0,0.256,0.0152
HD 73344 c,0.3659,0.041,0.041,0.041,0.041,0.67535,0.0
HD 73344 d,2.55,0.46,0.56,0.0,0.0,0.67535,0.0
HD 73526 b,2.25,0.12,0.12,0.12,0.12,0.67535,0.0
HD 73526 c,2.25,0.13,0.13,0.13,0.13,0.67535,0.0
HD 73534 b,1.15,0.0,0.0,0.0,0.0,0.67535,0.0
HD 73583 Ab,0.0321,0.0098,0.0107,0.0,0.0,0.2489,0.009
HD 73583 Ac,0.0302,0.0057,0.0057,0.0,0.0,0.2436,0.0107
HD 74156 b,1.778,0.02,0.02,0.02,0.02,0.67535,0.0
HD 74156 c,7.997,0.095,0.095,0.095,0.095,0.67535,0.0
HD 7449 Ab,8.174,2.699,3.055,0.111,0.111,0.67535,0.0
HD 7449 Ad,0.053,0.007,0.007,0.007,0.007,0.67535,0.0
HD 74698 b,0.072,0.006,0.006,0.006,0.006,0.67535,0.0
HD 74698 c,0.4,0.06,0.06,0.06,0.06,0.67535,0.0
HD 75289 Ab,0.47,0.0,0.0,0.0,0.0,1.03,0.0
HD 75302 Ab,5.4,0.5,0.5,0.0,0.0,0.67535,0.0
HD 75784 b,1.15,0.3,0.3,0.3,0.3,0.67535,0.0
HD 75784 c,5.6,1.2,1.2,1.2,1.2,0.67535,0.0
HD 75898 b,2.51,0.0,0.0,0.0,0.0,0.67535,0.0
HD 75898 c,8.49,0.65,0.65,0.0,0.0,0.67535,0.0
HD 76700 b,0.23,0.0,0.0,0.0,0.0,0.99,0.0
HD 76920 b,3.13,0.43,0.41,0.43,0.41,0.67535,0.0
HD 77338 b,0.05,0.0135,0.0148,0.0135,0.0148,0.67535,0.0
HD 79181 Ab,0.64,0.16,0.06,0.16,0.06,0.67535,0.0
HD 7924 b,0.0273,0.0017,0.0017,0.0017,0.0017,1.05,0.0
HD 7924 c,0.0247,0.0023,0.0023,0.0023,0.0023,0.67535,0.0
HD 7924 d,0.0203,0.0025,0.0025,0.0025,0.0025,0.67535,0.0
HD 79498 Ab,1.34,0.07,0.07,0.07,0.07,0.67535,0.0
HD 80606 b,4.1641,0.0047,0.0047,0.0,0.0,1.032,0.015
HD 80653 b,0.01762,0.00135,0.00135,0.0,0.0,0.144,0.006
HD 80653 c,5.41,0.44,0.52,0.44,0.52,0.67535,0.0
HD 80869 Ab,4.86,0.29,0.65,0.29,0.65,0.67535,0.0
HD 80883 b,5.5,1.056,1.23,0.0,0.0,0.67535,0.0
HD 81040 b,8.04,0.54,0.66,0.71,0.71,0.67535,0.0
HD 81688 b,1.77,0.2,0.3,0.2,0.3,0.67535,0.0
HD 82886 b,1.3,0.1,0.1,0.1,0.1,0.67535,0.0
HD 82943 b,4.8,0.0,0.0,0.0,0.0,0.67535,0.0
HD 82943 c,4.78,0.0,0.0,0.0,0.0,0.67535,0.0
HD 82943 d,0.29,0.031,0.031,0.031,0.031,0.67535,0.0
HD 8326 Ab,0.2095,0.0617,0.0617,0.0617,0.0617,0.67535,0.0
HD 83342 b,0.4012,0.0208,0.0208,0.0,0.0,0.869,0.0196
HD 83443 b,0.402,0.008,0.008,0.008,0.008,1.04,0.0
HD 83443 c,1.35,0.07,0.07,0.07,0.07,0.67535,0.0
HD 8535 Ab,0.68,0.04,0.07,0.04,0.07,0.67535,0.0
HD 85390 b,0.099,0.01,0.01,0.01,0.01,0.67535,0.0
HD 8574 b,2.11,0.0,0.0,0.0,0.0,0.67535,0.0
HD 86065 b,9.053,2.567,2.69,0.0,0.0,0.67535,0.0
HD 86081 Ab,1.5,0.0,0.0,0.0,0.0,1.08,0.0
HD 86226 b,0.45,0.05,0.05,0.05,0.05,0.67535,0.0
HD 86226 c,0.02281,0.00352,0.00374,0.0,0.0,0.1927,0.0071
HD 86264 Ab,7.0,1.6,1.6,1.6,1.6,0.67535,0.0
HD 86728 b,0.032,0.005,0.005,0.005,0.005,0.67535,0.0
HD 86950 b,3.6,0.7,0.7,0.7,0.7,0.67535,0.0
HD 87646 Ab,12.4,0.7,0.7,0.7,0.7,0.67535,0.0
HD 87816 b,6.74,0.13,0.13,0.13,0.13,0.67535,0.0
HD 87816 c,12.2,0.0,0.0,0.0,0.0,0.67535,0.0
HD 87883 b,6.31,0.32,0.31,0.34,0.34,0.67535,0.0
HD 88072 Ab,7.903,1.006,1.527,0.0,0.0,0.67535,0.0
HD 88133 b,0.3,0.0,0.0,0.0,0.0,1.0,0.0
HD 88986   b,0.0541,0.012,0.013,0.0,0.0,0.2221,0.0161
HD 89307 b,2.0,0.4,0.4,0.4,0.4,0.67535,0.0
HD 89345 b,0.1073,0.0107,0.0107,0.0,0.0,0.642,0.0134
HD 89744 Ab,10.32,1.38,2.43,0.18,0.18,0.67535,0.0
HD 89744 Ac,5.36,4.57,4.57,4.57,4.57,0.67535,0.0
HD 89839 b,5.03,0.79,0.79,0.0,0.0,0.67535,0.0
HD 90156 b,0.057,0.0046,0.0046,0.0046,0.0046,0.67535,0.0
HD 9174 b,1.11,0.14,0.14,0.14,0.14,0.67535,0.0
HD 92788 c,3.76,0.16,0.16,0.16,0.16,0.67535,0.0
HD 92945 c,0.7,0.3,0.3,0.0,0.0,0.67535,0.0
HD 93083 b,0.37,0.0,0.0,0.0,0.0,0.67535,0.0
HD 93351 b,0.011,0.003,0.002,0.003,0.002,0.67535,0.0
HD 93385 Ab,0.0132,0.0016,0.0016,0.0016,0.0016,0.67535,0.0
HD 93385 Ac,0.0223,0.0019,0.0019,0.0019,0.0019,0.67535,0.0
HD 93385 Ad,0.0318,0.00399,0.00399,0.00399,0.00399,0.67535,0.0
HD 9446 b,0.687,0.056,0.056,0.056,0.056,0.67535,0.0
HD 9446 c,1.7,0.13,0.13,0.13,0.13,0.67535,0.0
HD 94771 b,0.53,0.03,0.03,0.03,0.03,0.67535,0.0
HD 94834 Ab,1.26,0.17,0.17,0.17,0.17,1.242,0.0
HD 94890 b,2.13,0.17,0.17,0.17,0.17,0.67535,0.0
HD 94890 c,8.9,0.25,0.25,0.25,0.25,0.67535,0.0
HD 95086 b,2.6,0.4,0.4,0.0,0.0,0.67535,0.0
HD 95089 b,1.2,0.1,0.1,0.1,0.1,0.67535,0.0
HD 95089 c,3.97,0.59,0.13,0.59,0.13,0.67535,0.0
HD 95127 b,5.01,0.44,0.61,0.44,0.61,0.67535,0.0
HD 95338 b,0.12406,0.01299,0.019,0.0,0.0,0.3551,0.008
HD 95544 Ab,6.021,0.258,1.616,0.31,0.31,0.67535,0.0
HD 9578 Ab,0.62,0.0,0.0,0.0,0.0,0.67535,0.0
HD 95872 b,4.6,0.3,0.3,0.3,0.3,0.67535,0.0
HD 96063 b,0.9,0.1,0.1,0.1,0.1,0.67535,0.0
HD 96167 Ab,0.68,0.18,0.18,0.18,0.18,0.67535,0.0
HD 96700 Ab,0.028,0.0013,0.0013,0.0013,0.0013,0.67535,0.0
HD 96700 Ac,0.011,0.0013,0.0013,0.0013,0.0013,0.67535,0.0
HD 96700 Ad,0.04,0.003,0.003,0.003,0.003,0.67535,0.0
HD 96992 b,1.14,0.31,0.31,0.31,0.31,0.67535,0.0
HD 97048 b,2.5,0.5,0.5,0.0,0.0,0.67535,0.0
HD 97619 b,3.5,1.3,1.3,1.3,1.3,0.67535,0.0
HD 97658 b,0.02457,0.00138,0.00173,0.0,0.0,0.20047,0.00848
HD 98219 b,1.8,0.1,0.1,0.1,0.1,0.67535,0.0
HD 98649 b,6.79,0.3,0.5,0.3,0.5,0.67535,0.0
HD 98736 Ab,2.33,0.78,0.78,0.78,0.78,0.67535,0.0
HD 99109 b,0.502,0.07,0.07,0.07,0.07,0.67535,0.0
HD 99283 b,0.97,0.25,0.06,0.25,0.06,0.67535,0.0
HD 99492 b,0.0802,0.0019,0.0019,0.0019,0.0019,0.67535,0.0
HD 99492 c,0.0563,0.0041,0.0041,0.0041,0.0041,0.67535,0.0
HD 99706 b,1.4,0.1,0.1,0.1,0.1,0.67535,0.0
HD 99706 c,5.69,0.96,1.43,0.96,1.43,0.67535,0.0
HH 211 c,8.0,0.0,0.0,0.0,0.0,0.67535,0.0
HIP 105854 b,5.35,0.85,0.85,0.85,0.85,0.67535,0.0
HIP 107772 b,0.0406,0.009,0.009,0.009,0.009,0.67535,0.0
HIP 107773 Ab,1.98,0.21,0.21,0.21,0.21,0.67535,0.0
HIP 109384 b,1.56,0.08,0.08,0.08,0.08,0.67535,0.0
HIP 109600 Ab,2.68,0.12,0.12,0.12,0.12,0.67535,0.0
HIP 113103 b,0.0186,0.006,0.006,0.0,0.0,0.16317,0.00598
HIP 113103 c,0.0264,0.0,0.0,0.0,0.0,0.2141,0.0
HIP 114933 b,1.94,0.17,0.17,0.17,0.17,0.67535,0.0
HIP 116454 Ab,0.0372,0.00419,0.00419,0.00418,0.00418,0.226,0.016
HIP 11696 b,10.0,6.0,6.0,0.0,0.0,0.67535,0.0
HIP 11915 b,0.99,0.06,0.06,0.06,0.06,0.67535,0.0
HIP 12961 b,0.35,0.0,0.0,0.0,0.0,0.67535,0.0
HIP 14810 b,3.88,0.32,0.32,0.32,0.32,0.67535,0.0
HIP 14810 c,1.28,0.1,0.1,0.1,0.1,0.67535,0.0
HIP 14810 d,0.57,0.052,0.052,0.052,0.052,0.67535,0.0
HIP 1481 Ab,1.6,1.1,1.1,0.0,0.0,0.67535,0.0
HIP 19976 b,0.068,0.016,0.009,0.016,0.009,0.67535,0.0
HIP 34222 b,0.83,0.0,0.0,0.0,0.0,0.67535,0.0
HIP 35173 b,0.04,0.0085,0.0085,0.0085,0.0085,0.67535,0.0
HIP 35965 b,8.149,3.055,4.324,0.0,0.0,0.67535,0.0
HIP 38594 Ab,0.0255,0.0053,0.0053,0.0053,0.0053,0.67535,0.0
HIP 38594 Ac,0.1523,0.0233,0.0233,0.0233,0.0233,0.67535,0.0
HIP 41378 b,0.0217,0.0028,0.0028,0.0,0.0,0.054,0.00321
HIP 41378 c,0.0138,0.003,0.003,0.0,0.0,0.2436,0.0054
HIP 41378 d,0.0145,0.0145,0.0,0.0,0.0,0.3158,0.0054
HIP 41378 e,0.038,0.016,0.016,0.0,0.0,0.437,0.008
HIP 41378 f,0.038,0.009,0.009,0.0,0.0,0.821,0.009
HIP 47110 b,6.0,4.0,4.0,0.0,0.0,0.67535,0.0
HIP 4845 b,0.0453,0.0,0.0,0.0,0.0,0.67535,0.0
HIP 48714 b,0.0721,0.0088,0.0088,0.0088,0.0088,0.67535,0.0
HIP 5158 b,1.44,0.14,0.14,0.14,0.14,0.67535,0.0
HIP 54373 b,0.02712,0.00579,0.00579,0.00579,0.00579,0.67535,0.0
HIP 54373 c,0.03914,0.0066,0.0066,0.0066,0.0066,0.67535,0.0
HIP 54597 b,2.4,0.2,0.4,0.03,0.03,0.67535,0.0
HIP 55507 b,8.135,1.719,2.492,0.0,0.0,0.67535,0.0
HIP 560 b,1.7,0.9,0.9,0.0,0.0,0.67535,0.0
HIP 56640 b,6.77,1.213,1.859,0.0,0.0,0.67535,0.0
HIP 57050 b,0.304,0.004,0.003,0.004,0.003,0.67535,0.0
HIP 57050 c,0.227,0.022,0.001,0.022,0.001,0.67535,0.0
HIP 57274 b,0.036,0.004,0.004,0.004,0.004,0.67535,0.0
HIP 57274 c,0.41,0.01,0.01,0.01,0.01,0.67535,0.0
HIP 57274 d,0.527,0.025,0.025,0.025,0.025,0.67535,0.0
HIP 5763 b,0.51,0.0,0.0,0.0,0.0,0.67535,0.0
HIP 63242 b,9.18,0.0,0.0,0.0,0.0,0.67535,0.0
HIP 63734 b,11.0,3.0,3.0,0.0,0.0,0.67535,0.0
HIP 65407 b,0.428,0.032,0.032,0.032,0.032,0.67535,0.0
HIP 65407 c,0.784,0.054,0.054,0.054,0.054,0.67535,0.0
HIP 65426 b,7.1,1.1,1.1,0.0,0.0,1.5,0.1
HIP 65891 b,5.888,0.283,0.757,0.5,0.5,0.67535,0.0
HIP 65 Ab,3.213,0.078,0.078,0.0,0.0,2.03,0.49
HIP 67522 b,0.0434,0.003,0.003,0.0,0.0,0.897,0.049
HIP 67537 b,11.1,0.6,0.6,0.6,0.6,0.67535,0.0
HIP 67851 b,1.15,0.04,0.04,0.04,0.04,0.67535,0.04
HIP 67851 c,4.97,0.22,0.92,0.22,0.22,0.67535,0.0
HIP 68468 Ab,0.011,0.0,0.0,0.0,0.0,0.67535,0.0
HIP 68468 Ac,0.094,0.0,0.0,0.0,0.0,0.67535,0.0
HIP 70849 b,4.58,0.09,0.53,0.09,0.09,0.67535,0.0
HIP 71135 b,0.0592,0.0129,0.0129,0.0129,0.0129,0.67535,0.0
HIP 74890 b,2.4,0.3,0.3,0.3,0.3,0.67535,0.0
HIP 75092 b,1.79,0.16,0.16,0.16,0.16,0.67535,0.0
HIP 79431 b,2.1,0.0,0.0,0.0,0.0,0.67535,0.0
HIP 8541 Ab,7.714,0.103,1.895,1.0,1.0,0.67535,0.0
HIP 8541 Ac,0.804,0.16,0.166,0.16,0.166,0.67535,0.0
HIP 86221 Ab,0.71,0.0,0.0,0.0,0.0,0.67535,0.0
HIP 90988 Ab,1.96,0.09,0.09,0.09,0.09,0.67535,0.0
HIP 91258 b,1.068,0.038,0.038,0.038,0.038,0.67535,0.0
HIP 94235 Ab,1.192,1.192,0.0,0.0,0.0,0.2862,0.0
HIP 96334 b,3.7,2.3,2.3,0.0,0.0,0.67535,0.0
HIP 97166 b,0.063,0.0047,0.0047,0.0,0.0,0.2444,0.0116
HIP 97166 c,9.9,1.8,1.8,1.8,1.8,0.67535,0.0
HN Lib b,0.01749,0.00236,0.00236,0.00236,0.00236,0.67535,0.0
HR 2562 b,10.28,0.0,0.0,0.0,0.0,0.67535,0.0
HR 5183 Ab,3.23,0.14,0.14,0.14,0.14,0.67535,0.0
HR 8799 b,7.0,2.0,4.0,0.0,0.0,1.2,0.1
HR 8799 c,8.3,0.6,0.6,0.0,0.0,1.3,0.0
HR 8799 d,8.3,0.6,0.6,0.0,0.0,1.2,0.0
HR 8799 e,9.6,1.9,1.9,0.0,0.0,1.17,0.13
HS 0705+6700 (AB)c,11.8,0.0,0.0,0.0,0.0,0.67535,0.0
HS Psc b,1.46,0.44,0.56,0.44,0.56,0.67535,0.0
IC 4651 9122 b,6.3,0.5,0.5,0.5,0.5,0.67535,0.0
Innes' Star b,0.03285,0.00588,0.00733,0.00588,0.00733,0.67535,0.0
iot Cap b,3.48,0.531,0.589,0.531,0.589,0.67535,0.0
iot Cap c,7.485,2.21,3.395,0.0,0.0,0.67535,0.0
iot Hor b,2.26,0.18,0.18,0.18,0.18,0.67535,0.0
IRAS 04125+2902 b,0.3,0.0,0.0,0.0,0.0,0.955,0.0
K2-105 b,0.094,0.06,0.06,0.0,0.0,0.301,0.011
K2-106 b,0.0245,0.0022,0.0022,0.0,0.0,0.14952,0.0033
K2-106 c,0.018,0.0094,0.01,0.0,0.0,0.2534,0.009
K2-107 b,0.84,0.08,0.08,0.0,0.0,1.426,0.049
K2-108 b,0.187,0.014,0.014,0.0,0.0,0.476,0.019
K2-10 b,0.08495,0.05034,0.05349,0.053,0.053,0.343,0.031
K2-110 b,0.0525,0.01,0.01,0.0,0.0,0.228,0.006
K2-111 b,0.01664,0.00242,0.00239,0.0,0.0,0.162,0.008
K2-111 c,0.0349,0.003,0.003,0.003,0.003,0.67535,0.0
K2-113 b,1.28,0.12,0.12,0.0,0.0,1.083,0.031
K2-114 b,1.85,0.23,0.22,0.0,0.0,0.952,0.032
K2-115 b,0.84,0.18,0.2,0.0,0.0,1.115,0.057
K2-124 b,0.033,0.0082,0.0082,0.0,0.0,0.259,0.009
K2-132 b,0.49,0.06,0.06,0.0,0.0,1.3,0.07
K2-133 b,0.0069,0.0,0.0,0.0,0.0,0.12,0.007
K2-133 c,0.01,0.0,0.0,0.0,0.0,0.143,0.008
K2-133 d,0.026,0.0,0.0,0.0,0.0,0.179,0.01
K2-137 b,0.5,0.4999,0.0,0.0,0.0,0.079,0.008
K2-138 b,0.0098,0.0035,0.0035,0.0,0.0,0.14,0.015
K2-138 c,0.0198,0.0038,0.0038,0.0,0.0,0.225,0.014
K2-138 d,0.0249,0.0044,0.0044,0.0,0.0,0.237,0.016
K2-138 e,0.0409,0.006,0.006,0.0,0.0,0.294,0.016
K2-138 f,0.005,0.0038,0.0066,0.0,0.0,0.251,0.017
K2-138 g,0.0135,0.009,0.0167,0.0,0.0,0.2688,0.0223
K2-139 b,0.381,0.045,0.045,0.0,0.0,0.813,0.015
K2-140 b,0.93,0.04,0.04,0.0,0.0,1.093,0.015
K2-141 b,0.01598,0.00129,0.00129,0.0,0.0,0.135,0.0045
K2-141 c,0.02328,0.0,0.0,0.0,0.0,0.624,0.25
K2-146 b,0.01816,0.00024,0.00024,0.0,0.0,0.183,0.005
K2-146 c,0.02358,0.00031,0.00031,0.0,0.0,0.195,0.006
K2-155 b,0.0148,0.0009,0.0016,0.0,0.0,0.161,0.009
K2-155 c,0.0205,0.0016,0.0047,0.0,0.0,0.232,0.018
K2-155 d,0.0154,0.0019,0.0053,0.0,0.0,0.17,0.018
K2-157 b,0.00359,0.00129,0.00123,0.0,0.0,0.08342,0.008
K2-157 c,0.0969,0.006,0.006,0.0,0.0,0.67535,0.0
K2-157 d,0.0733,0.0079,0.0079,0.0,0.0,0.67535,0.0
K2-166 c,6.0,1.0,1.0,0.0,0.0,0.109,0.015
K2-174 b,0.0289,0.0079,0.0079,0.0,0.0,0.232,0.009
K2-180 b,0.036,0.006,0.006,0.0,0.0,0.206,0.014
K2-182 b,0.063,0.016,0.016,0.0,0.0,0.24,0.0062
K2-18 b,0.02807,0.00503,0.00535,0.0,0.0,0.211,0.02
K2-18 c,0.02363,0.00418,0.00418,0.00418,0.00418,0.67535,0.0
K2-199 b,0.0217,0.0057,0.0057,0.0,0.0,0.1543,0.0045
K2-199 c,0.039,0.0072,0.0072,0.0,0.0,0.2543,0.009
K2-19 b,0.1019,0.0053,0.0053,0.0,0.0,0.691,0.035
K2-19 c,0.034,0.0019,0.0019,0.0,0.0,0.434,0.039
K2-19 d,0.031,0.031,0.0,0.0,0.0,0.102,0.012
K2-2016-BLG-0005L b,1.1,0.08,0.08,0.0,0.0,0.67535,0.0
K2-216 b,0.02517,0.00503,0.00503,0.0,0.0,0.156,0.009
K2-21 b,0.00623,0.0012,0.0012,0.0,0.0,0.164,0.009
K2-21 c,0.01561,0.0012,0.0012,0.0,0.0,0.222,0.017
K2-222 b,0.0179,0.0082,0.0082,0.0,0.0,0.215,0.0071
K2-229 b,0.00815,0.00135,0.00135,0.0,0.0,0.102,0.003
K2-229 c,0.067,0.067,0.0,0.0,0.0,0.181,0.005
K2-229 d,0.079,0.079,0.0,0.0,0.0,0.2364,0.0214
K2-22 Ab,1.4,1.4,0.0,0.0,0.0,0.223,0.036
K2-231 b,0.0227,0.0098,0.016,0.0,0.0,0.223,0.018
K2-232 Ab,0.398,0.037,0.037,0.0,0.0,1.0,0.022
K2-233 b,0.0104,0.0069,0.009,0.0,0.0,0.125,0.005
K2-233 d,0.0261,0.0148,0.0164,0.0,0.0,0.236,0.01
K2-236 b,0.085,0.0396,0.044,0.0,0.0,0.514,0.027
K2-237 b,1.236,0.044,0.044,0.0,0.0,1.642,0.05
K2-238 b,0.86,0.12,0.13,0.0,0.0,1.3,0.14
K2-239 b,0.0044,0.0013,0.0013,0.0,0.0,0.098,0.009
K2-239 c,0.0028,0.0009,0.0009,0.0,0.0,0.089,0.009
K2-239 d,0.0041,0.0013,0.0013,0.0,0.0,0.098,0.009
K2-240 b,0.0157,0.0006,0.0016,0.0,0.0,0.178,0.009
K2-240 c,0.0145,0.0009,0.0022,0.0,0.0,0.161,0.009
K2-24 b,0.05978,0.00661,0.00692,0.0009,0.005,0.50299,0.00544
K2-24 c,0.0516,0.0006,0.0041,0.022,0.022,0.7075,0.0116
K2-25 b,0.0771,0.0164,0.0179,0.0,0.0,0.306,0.028
K2-260 Ab,1.42,0.32,0.31,0.32,0.31,1.552,0.057
K2-261 b,0.223,0.031,0.031,0.031,0.031,0.85,0.022
K2-263 b,0.0466,0.0098,0.0098,0.0,0.0,0.215,0.0107
K2-265 Ab,0.02058,0.00264,0.00264,0.0,0.0,0.153,0.01
K2-266 Ab,0.0355,0.02053,0.03601,0.01982,0.03461,0.294,0.116
K2-266 Ac,0.00091,0.00035,0.00053,0.00035,0.00053,0.063,0.008
K2-266 Ad,0.028,0.01196,0.01793,0.00629,0.00912,0.261,0.011
K2-266 Ae,0.04499,0.01573,0.02014,0.00566,0.0085,0.244,0.01
K2-267 Ab,3.0,1.2,1.1,1.2,1.1,1.051,0.044
K2-27 Bb,0.09722,0.01447,0.01447,0.014,0.014,0.4,0.021
K2-280 b,0.1167,0.0176,0.0176,0.0,0.0,0.684,0.023
K2-285 b,0.03046,0.00431,0.00381,0.0,0.0,0.231,0.005
K2-285 c,0.04933,0.0067,0.00717,0.0,0.0,0.315,0.007
K2-285 d,0.02045,0.0,0.0,0.0,0.0,0.221,0.005
K2-285 e,0.03367,0.0,0.0,0.0,0.0,0.174,0.004
K2-286 b,0.0214,0.0135,0.0135,0.0,0.0,0.187,0.018
K2-287 b,0.315,0.027,0.027,0.0,0.0,0.833,0.013
K2-289 b,0.1529,0.0585,0.0585,0.0,0.0,0.812,0.027
K2-290 Ab,0.0343,0.0,0.0,0.0,0.0,0.273,0.014
K2-290 Ac,0.774,0.047,0.047,0.0,0.0,1.006,0.05
K2-291 b,0.02042,0.00365,0.00365,0.0,0.0,0.142,0.006
K2-292 b,0.07709,0.01384,0.01384,0.0,0.0,0.235,0.009
K2-295 b,0.335,0.062,0.062,0.0,0.0,0.897,0.005
K2-29 Ab,0.73,0.04,0.04,0.04,0.04,1.19,0.02
K2-308 b,0.025,0.0,0.0249,0.0,0.0,0.884,0.087
K2-309 Ab,0.033,0.0047,0.0016,0.0,0.0,0.0749,0.0018
K2-309 Ac,0.053,0.025,0.041,0.0,0.0,0.0428,0.0009
K2-309 Ad,0.019,0.003,0.003,0.0,0.0,0.5656,0.027
K2-309 Ae,0.0334,0.0016,0.0013,0.0,0.0,0.848,0.046
K2-30 b,0.579,0.027,0.028,0.031,0.031,1.039,0.051
K2-310 b,0.02907,0.00831,0.00831,0.0,0.0,0.231,0.011
K2-310 c,0.0303,0.00812,0.00812,0.0,0.0,0.24,0.01303
K2-314 b,0.02753,0.00343,0.00343,0.0,0.0,0.174,0.008
K2-314 c,0.04616,0.00595,0.00595,0.0,0.0,0.3274,0.0125
K2-314 d,0.03203,0.00761,0.00774,0.0,0.0,0.3515,0.0116
K2-31 Ab,1.774,0.079,0.079,0.0,0.0,1.06,0.35
K2-329 Ab,0.26,0.022,0.022,0.0,0.0,0.774,0.026
K2-32 Ab,0.047,0.0057,0.0057,0.0,0.0,0.443,0.024
K2-32 Ac,0.0255,0.0076,0.0076,0.0,0.0,0.244,0.014
K2-32 Ad,0.0211,0.0079,0.0079,0.0,0.0,0.292,0.017
K2-32 Ae,0.0066,0.0041,0.0041,0.0,0.0,0.09,0.008
K2-33 b,3.7,3.69999,0.0,0.0,0.0,0.45,0.033
K2-34 b,1.78,0.13,0.13,0.13,0.13,1.245,0.029
K2-360 b,0.02413,0.00236,0.00236,0.0,0.0,0.13962,0.0071
K2-360 c,0.04792,0.00573,0.00573,0.00573,0.00573,0.67535,0.0
K2-365 b,0.02722,0.01721,0.01721,0.0,0.0,0.25926,0.0157
K2-366 b,0.01995,0.01152,0.01152,0.0,0.0,0.21046,0.0149
K2-367 b,0.02036,0.01265,0.01265,0.0,0.0,0.21528,0.01749
K2-369 b,0.0069,0.0041,0.0041,0.0,0.0,0.11714,0.00848
K2-36 Bb,0.01227,0.00346,0.00346,0.0,0.0,0.128,0.007
K2-36 Bc,0.02454,0.00724,0.00724,0.0,0.0,0.2783,0.0196
K2-370 b,0.0349,0.0044,0.0044,0.0,0.0,0.2248,0.0054
K2-371 b,4.71,0.0,0.0,0.0,0.0,1.16,0.0775
K2-372 b,0.0289,0.0169,0.0169,0.0,0.0,0.26274,0.00669
K2-373 b,0.0162,0.00897,0.00897,0.0,0.0,0.18387,0.0125
K2-374 b,0.01139,0.00588,0.00588,0.0,0.0,0.14212,0.00517
K2-374 c,0.01797,0.01095,0.01095,0.0,0.0,0.19743,0.00767
K2-375 b,0.01834,0.0106,0.0106,0.0,0.0,0.20011,0.01552
K2-376 b,0.0129,0.00743,0.00743,0.0,0.0,0.15488,0.01062
K2-377 b,0.01237,0.006,0.107,0.0,0.0,0.15104,0.01178
K2-378 b,0.02838,0.01737,0.01737,0.0,0.0,0.2569,0.0205
K2-379 b,0.01759,0.01048,0.01048,0.0,0.0,0.19458,0.01766
K2-380 b,0.02504,0.0145,0.0145,0.0,0.0,0.24347,0.0157
K2-382 b,0.0162,0.01016,0.01016,0.0,0.0,0.18485,0.01187
K2-383 b,0.01026,0.00522,0.00522,0.0,0.0,0.13953,0.00946
K2-385 b,0.0101,0.00563,0.00563,0.0,0.0,0.1373,0.01124
K2-386 b,0.01954,0.01152,0.01152,0.0,0.0,0.207,0.00598
K2-387 b,0.14303,0.09968,0.09968,0.0,0.0,0.65323,0.02355
K2-388 b,0.0412,0.0263,0.0263,0.0,0.0,0.3265,0.02043
K2-389 b,0.01778,0.0104,0.0104,0.0,0.0,0.19484,0.01017
K2-389 c,0.01655,0.00859,0.00859,0.0,0.0,0.182,0.01231
K2-38 b,0.06,0.03,0.03,0.0,0.0,0.17,0.03
K2-38 c,0.03115,0.01447,0.01447,0.0,0.0,0.216,0.026
K2-390 b,0.06364,0.039,0.039,0.0,0.0,0.41625,0.0306
K2-391 b,0.00783,0.00538,0.00538,0.0,0.0,0.12231,0.01677
K2-392 b,0.014,0.00793,0.00793,0.0,0.0,0.165,0.01374
K2-393 b,0.01995,0.01277,0.01277,0.0,0.0,0.20983,0.0149
K2-394 b,0.01237,0.00639,0.00639,0.0,0.0,0.15095,0.01124
K2-395 b,0.02404,0.0142,0.0142,0.0,0.0,0.23169,0.01588
K2-395 c,0.03716,0.02209,0.02209,0.0,0.0,0.30288,0.02293
K2-396 b,0.0107,0.0061,0.0061,0.0,0.0,0.14087,0.00919
K2-396 c,0.0315,0.01891,0.01891,0.0,0.0,0.27871,0.00999
K2-397 b,0.02121,0.01277,0.01277,0.0,0.0,0.21563,0.01633
K2-398 b,0.01913,0.0113,0.0113,0.0,0.0,0.20287,0.0099
K2-398 c,0.07366,0.0412,0.0412,0.0,0.0,0.45482,0.01303
K2-39 b,0.09,0.05,0.05,0.0,0.0,0.56,0.15
K2-3 b,0.02039,0.00293,0.00311,0.0,0.0,0.194,0.03
K2-3 c,0.00673,0.00327,0.0034,0.0,0.0,0.165,0.024
K2-3 d,0.00881,0.0,0.0,0.0,0.0,0.135,0.021
K2-400 b,0.00519,0.0025,0.0025,0.0,0.0,0.10376,0.00437
K2-401 b,0.01834,0.01174,0.01174,0.0,0.0,0.2018,0.01713
K2-402 b,0.0245,0.01491,0.01491,0.0,0.0,0.23892,0.0174
K2-403 b,0.07838,0.05154,0.05154,0.0,0.0,0.47578,0.03453
K2-404 b,0.02306,0.01277,0.01277,0.0,0.0,0.2257,0.0074
K2-405 b,0.05862,0.0342,0.0342,0.0,0.0,0.40762,0.01097
K2-406 Ab,0.06305,0.039,0.039,0.0,0.0,0.41057,0.02605
K2-407 b,0.00664,0.00359,0.00359,0.0,0.0,0.11446,0.00794
K2-407 c,0.00783,0.0044,0.0044,0.0,0.0,0.1213,0.00785
K2-408 b,0.01224,0.00626,0.00626,0.0,0.0,0.14961,0.00972
K2-409 b,0.02121,0.01277,0.01277,0.0,0.0,0.22143,0.0141
K2-415 b,0.009,0.0085,0.0085,0.0,0.0,0.09055,0.00455
K2-416 b,0.023,0.0101,0.0192,0.0,0.0,0.241,0.0152
K2-417 b,0.0299,0.0107,0.022,0.0,0.0,0.2837,0.0125
K2-418 b,0.0327,0.005,0.005,0.0,0.0,0.2079,0.008
K2-419 Ab,0.617,0.047,0.047,0.0,0.0,0.941,0.034
K2-44 b,0.0379,0.0,0.0,0.0,0.0,0.245,0.021
K2-52 b,0.4046,0.0,0.0,0.0,0.0,1.606,0.196
K2-53 b,0.0289,0.0079,0.0079,0.0,0.0,0.232,0.009
K2-55 b,0.138,0.0167,0.0167,0.0,0.0,0.341,0.029
K2-60 b,0.426,0.037,0.037,0.0,0.0,0.683,0.037
K2-66 b,0.06702,0.01133,0.01133,0.0,0.0,0.222,0.021
K2-77 b,1.9,1.9,0.0,0.0,0.0,0.205,0.014
K2-79 b,0.0371,0.0113,0.0113,0.0,0.0,0.3649,0.0107
K2-87 b,0.1192,0.04,0.04,0.0,0.0,0.678,0.036
K2-90 b,0.028,0.0079,0.0079,0.0,0.0,0.232,0.009
K2-95 b,1.67,1.66,0.0,0.0,0.0,0.346,0.156
K2-97 b,1.1,0.11,0.11,0.0,0.0,0.947,0.085
K2-98 b,0.101,0.025,0.025,0.0,0.0,0.464,0.017
K2-99 b,0.87,0.02,0.02,0.0,0.0,1.046,0.037
K2-99 c,8.4,0.2,0.2,0.2,0.2,0.67535,0.0
kappa CrB b,1.6,0.0,0.0,0.0,0.0,0.67535,0.0
KELT-10 b,0.679,0.039,0.039,0.039,0.039,1.399,0.049
KELT-11 Ab,0.195,0.019,0.019,0.0,0.0,1.3,0.12
KELT-12 b,0.95,0.14,0.14,0.0,0.0,1.79,0.17
KELT-15 Ab,0.92,0.23,0.23,0.22,0.22,1.443,0.057
KELT-16 Ab,2.75,0.15,0.16,0.15,0.15,1.415,0.067
KELT-17 b,1.31,0.29,0.29,0.0,0.0,1.525,0.06
KELT-18 Ab,1.176,0.036,0.036,0.0,0.0,1.568,0.029
KELT-19 Ab,4.07,4.06,0.0,0.0,0.0,1.91,0.11
KELT-20 b,3.518,3.517,0.0,0.0,0.0,1.83,0.07
KELT-21 Ab,3.88,0.05,0.05,0.0,0.0,1.584,0.034
KELT-22 Ab,3.69,0.18,0.18,0.0,0.0,1.2,0.06
KELT-23 Ab,0.937,0.04,0.04,0.0,0.0,1.29,0.02
KELT-2 Ab,1.486,0.088,0.088,0.0,0.0,1.306,0.067
KELT-3 Ab,1.47,0.07,0.07,0.0,0.0,1.35,0.07
KELT-4 Ab,0.9,0.06,0.06,0.067,0.07,1.7,0.05
KELT-6 b,0.44,0.02,0.02,0.0,0.0,1.13,0.1
KELT-6 c,3.71,0.21,0.21,0.21,0.21,0.67535,0.0
KELT-7 b,1.24,0.18,0.18,0.0,0.0,1.293,0.06
KELT-8 b,0.874,0.067,0.068,0.065,0.065,1.86,0.18
KELT-9 Ab,2.88,0.35,0.35,0.0,0.0,1.936,0.047
Kepler-100 b,0.023,0.01,0.01,0.01,0.01,0.118,0.004
Kepler-100 c,0.02218,0.0,0.0,0.013,0.013,0.196,0.004
Kepler-100 d,0.00944,0.0,0.0,0.0094,0.0,0.144,0.004
Kepler-100 e,0.076,0.01,0.01,0.01,0.01,0.67535,0.0
Kepler-101 b,0.16,0.01,0.02,0.0,0.0,0.51,0.07
Kepler-101 c,0.01,0.0,0.0,0.0,0.0,0.112,0.015
Kepler-102 b,0.01353,0.0135,0.0,0.0,0.0,0.042,0.002
Kepler-102 c,0.00944,0.00944,0.0,0.00899,0.0,0.052,0.002
Kepler-102 d,0.012,0.006,0.006,0.0,0.0,0.105,0.004
Kepler-102 e,0.028,0.006,0.006,0.0,0.0,0.198,0.006
Kepler-102 f,0.01636,0.01636,0.0,0.0,0.0,0.079,0.003
Kepler-103 b,0.031,0.027,0.027,0.0,0.0,0.301,0.008
Kepler-103 c,0.114,0.079,0.079,0.0,0.0,0.459,0.012
Kepler-104 Ab,0.031314,0.008848,0.008848,0.00884,0.00884,0.2123,0.0054
Kepler-104 Ac,0.0224785,0.012249,0.012249,0.0,0.0,0.2105,0.00687
Kepler-104 Ad,5.54,4.629,4.629,4.628,4.628,0.23508,0.01285
Kepler-105 b,0.016,0.0129,0.0198,0.0,0.0,0.429,0.136
Kepler-105 c,0.01447,0.00267,0.00289,0.0,0.0,0.117,0.006
Kepler-106 b,0.01668,0.0,0.0,0.0088,0.0088,0.073,0.01
Kepler-106 c,0.033,0.01,0.01,0.0,0.0,0.223,0.029
Kepler-106 d,0.02549,0.0,0.0,0.0,0.0,0.085,0.012
Kepler-106 e,0.035,0.018,0.018,0.018,0.018,0.228,0.029
Kepler-107 b,0.01104,0.00478,0.00478,0.0,0.0,0.137,0.002
Kepler-107 c,0.02954,0.00557,0.00557,0.0,0.0,0.142,0.002
Kepler-107 d,0.01196,0.0,0.0,0.0,0.0,0.077,0.005
Kepler-107 e,0.02706,0.01133,0.01133,0.0,0.0,0.259,0.003
Kepler-109 b,0.02297,0.02297,0.0,0.0,0.0,0.211,0.006
Kepler-109 c,0.06859,0.06859,0.0,0.0,0.0,0.225,0.006
Kepler-10 b,0.01019,0.00101,0.00101,0.0,0.0,0.1311,0.0018
Kepler-10 c,0.03552,0.0038,0.0038,0.0,0.0,0.2101,0.00196
Kepler-10 d,0.038,0.00676,0.00676,0.00676,0.00676,0.67535,0.0
Kepler-113 b,0.037,0.013,0.013,0.0,0.0,0.162,0.004
Kepler-113 c,0.02737,0.0,0.0,0.027,0.0,0.194,0.005
Kepler-114 b,0.022,0.01,0.01,0.0,0.0,0.112,0.012
Kepler-114 c,0.009,0.002,0.002,0.0,0.0,0.143,0.016
Kepler-114 d,0.012,0.005,0.005,0.0,0.0,0.226,0.007
Kepler-117 b,0.094,0.033,0.033,0.0,0.0,0.719,0.024
Kepler-117 c,1.84,0.18,0.18,0.0,0.0,1.101,0.035
Kepler-11 b,0.006,0.003,0.004,0.0,0.0,0.161,0.004
Kepler-11 c,0.009,0.005,0.009,0.0,0.0,0.256,0.005
Kepler-11 d,0.023,0.005,0.003,0.0,0.0,0.278,0.006
Kepler-11 e,0.025,0.007,0.005,0.0,0.0,0.374,0.008
Kepler-11 f,0.006,0.003,0.003,0.0,0.0,0.222,0.006
Kepler-11 g,0.079,0.0,0.0,0.0,0.0,0.297,0.007
Kepler-122 f,0.113,0.051,0.061,0.0,0.0,0.156,0.014
Kepler-128 b,0.00242,0.00079,0.00151,0.0,0.0,0.128,0.008
Kepler-128 c,0.00283,0.00091,0.00182,0.0,0.0,0.12,0.007
Kepler-129 d,6.338,0.1353,0.1353,0.1353,0.1353,0.67535,0.0
Kepler-12 b,0.432,0.051,0.053,0.0,0.0,1.754,0.036
Kepler-131 b,0.051,0.011,0.011,0.011,0.011,0.215,0.018
Kepler-131 c,0.026,0.019,0.019,0.019,0.019,0.075,0.006
Kepler-138 b,0.00021,0.00012,0.00019,0.0,0.0,0.047,0.003
Kepler-138 c,0.0062,0.00352,0.00602,0.0,0.0,0.107,0.006
Kepler-138 d,0.00201,0.00122,0.00212,0.00107,0.00132,0.108,0.007
Kepler-138 e,0.00135,0.0003,0.00066,0.0,0.0,0.67535,0.0
Kepler-139 d,0.01466,0.006,0.006,0.0,0.0,1.695,0.06
Kepler-139 e,1.34,0.13,0.13,0.13,0.13,0.67535,0.0
Kepler-139 f,0.113,0.031,0.031,0.0,0.0,0.67535,0.0
Kepler-13 Ab,9.28,0.16,0.16,0.0,0.0,1.512,0.035
Kepler-145 b,0.117,0.036,0.036,0.0,0.0,0.236,0.007
Kepler-145 c,0.25,0.052,0.052,0.0,0.0,0.385,0.011
Kepler-14 Ab,8.4,0.19,0.19,0.0,0.0,1.136,0.054
Kepler-150 f,0.0283,0.00475,0.00431,0.0,0.0,0.325,0.035
Kepler-1513 Ab,0.152,0.061,0.104,0.0,0.0,0.76671,0.00196
Kepler-1513 Ac,0.2659,0.063,0.098,0.063,0.098,0.67535,0.0
Kepler-1514 b,5.28,0.22,0.22,0.0,0.0,1.108,0.025
Kepler-15 b,0.66,0.09,0.09,0.0,0.0,0.96,0.07
Kepler-160 d,0.31463,0.0,0.0,0.0,0.0,0.67535,0.0
Kepler-1625 b,11.6,11.6,0.0,0.0,0.0,0.541,0.047
Kepler-1647 (AB)b,1.52,0.65,0.65,0.0,0.0,1.06,0.01
Kepler-1654 b,0.5,0.0,0.0,0.0,0.0,0.819,0.17
Kepler-1655 b,0.01573,0.00881,0.00975,0.0,0.0,0.197,0.007
Kepler-1656 b,0.1504,0.0104,0.0195,0.0,0.0,0.448,0.047
Kepler-1656 c,0.3977,0.091,0.091,0.0,0.0,0.67535,0.0
Kepler-1657 b,1.93,0.21,0.19,0.0,0.0,0.99,0.07
Kepler-1658 b,5.88,0.0,0.0,0.0,0.0,1.07,0.05
Kepler-1659 b,0.02832,0.00094,0.00094,0.0,0.0,0.17,0.018
Kepler-1659 c,0.01447,0.00094,0.00094,0.0,0.0,0.17,0.027
Kepler-1660 (AB)b,4.89,0.23,0.23,0.0,0.0,0.67535,0.0
Kepler-1661 (AB)b,0.053,0.038,0.038,0.0,0.0,0.67535,0.0
Kepler-1662 b,0.2234,0.0289,0.0352,0.0,0.0,0.7904,0.0214
Kepler-1662 c,0.0472,0.0113,0.0135,0.0,0.0,0.4853,0.027
Kepler-167 Ae,4.0,3.7,46.0,0.0,0.0,0.9064,0.0375
Kepler-16 (AB)b,0.333,0.016,0.016,0.0,0.0,0.7538,0.0023
Kepler-1704 b,4.16,0.29,0.28,0.29,0.28,1.066,0.042
Kepler-1705 b,0.01406,0.00135,0.00151,0.0,0.0,0.1811,0.0125
Kepler-1705 c,0.01705,0.00179,0.00192,0.0,0.0,0.1829,0.0134
Kepler-1706 b,2.0,0.4,0.4,0.4,0.4,0.67535,0.0
Kepler-1707 b,0.5,0.1,0.4,0.1,0.4,0.67535,0.0
Kepler-1708 b,4.6,4.6,0.0,0.0,0.0,0.8886,0.054
Kepler-1710 b,0.010997,0.018145,0.018145,0.018145,0.018145,0.2308,0.0062
Kepler-177 b,0.01837,0.00258,0.00271,0.0,0.0,0.312,0.013
Kepler-177 c,0.04625,0.00787,0.0085,0.0,0.0,0.779,0.03
Kepler-17 b,2.45,0.014,0.014,0.0,0.0,1.31,0.02
Kepler-1876 b,0.0076,0.0076,0.0,0.0,0.0,0.0761,0.00232
Kepler-18 b,0.022,0.011,0.011,0.0,0.0,0.178,0.009
Kepler-18 c,0.054,0.006,0.006,0.0,0.0,0.49,0.023
Kepler-18 d,0.052,0.004,0.004,0.0,0.0,0.623,0.029
Kepler-1970 b,2.1,0.4,0.4,0.4,0.4,0.67535,0.0
Kepler-1971 b,0.00107,0.00104,0.0,0.0,0.0,0.0455,0.0027
Kepler-1972 b,0.00636,0.00195,0.00176,0.0,0.0,0.07155,0.00366
Kepler-1972 c,0.00664,0.00205,0.00186,0.0,0.0,0.07744,0.0045
Kepler-1973 Ab,0.0544,0.009,0.009,0.0,0.0,0.384,0.0045
Kepler-1973 Ac,0.6601,0.126,0.126,0.0,0.0,0.67535,0.0
Kepler-197 Ac,0.017,0.0091,0.01,0.0,0.0,0.11669,0.00366
Kepler-19 b,0.02643,0.00472,0.00503,0.0,0.0,0.198,0.004
Kepler-19 c,0.04122,0.0085,0.0085,0.0,0.0,0.67535,0.0
Kepler-19 d,0.07079,0.01762,0.00378,0.018,0.0038,0.67535,0.0
Kepler-20 Ab,0.029963,0.004597,0.00465,0.004587,0.004587,0.17905,0.01633
Kepler-20 Ac,0.0349,0.0066,0.0066,0.0,0.0,0.2569,0.01195
Kepler-20 Ad,0.040733,0.013252,0.013252,0.0,0.0,0.22232,0.00616
Kepler-20 Ae,0.0097,0.009699,0.0,0.0,0.0,0.06994,0.00937
Kepler-20 Af,0.045,0.0,0.0,0.0,0.0,0.08404,0.00366
Kepler-20 Ag,0.06598,0.0106,0.0106,0.0106,0.0106,0.67535,0.0
Kepler-21 Ab,0.02102,0.0044,0.0044,0.0,0.0,0.1472,0.0018
Kepler-223 b,0.02328,0.00346,0.00409,0.0,0.0,0.267,0.024
Kepler-223 c,0.01605,0.00346,0.00535,0.0,0.0,0.307,0.027
Kepler-223 d,0.02517,0.00409,0.00472,0.0,0.0,0.467,0.04
Kepler-223 e,0.0151,0.00378,0.0044,0.0,0.0,0.41,0.037
Kepler-22 b,0.0286,0.0,0.0,0.0,0.0,0.187,0.0107
Kepler-238 e,0.534,0.217,0.226,0.0,0.0,0.5,0.041
Kepler-238 f,0.042,0.008,0.009,0.0,0.0,0.178,0.015
Kepler-23 b,0.8,0.75,0.0,0.0,0.0,0.17,0.0
Kepler-23 c,2.7,2.6,0.0,0.0,0.0,0.285,0.0
Kepler-23 d,0.055,0.037,0.043,0.0,0.0,0.196,0.008
Kepler-24 b,1.6,1.599,0.0,0.0,0.0,0.214,0.0
Kepler-24 c,1.6,1.599,0.0,0.0,0.0,0.25,0.0
Kepler-25 Ab,0.034013,0.009736,0.009737,0.00972,0.00972,0.24124,0.00526
Kepler-25 Ac,0.075805,0.012697,0.012698,0.01268,0.01268,0.4128,0.0091
Kepler-25 Ad,0.2161854,0.02681,0.02681,0.02681,0.02681,0.67535,0.0
Kepler-26 b,0.01611,0.00192,0.00205,0.0,0.0,0.248,0.01
Kepler-26 c,0.01951,0.00205,0.00205,0.0,0.0,0.243,0.011
Kepler-276 c,0.052,0.011,0.014,0.0,0.0,0.259,0.0143
Kepler-276 d,0.051,0.014,0.016,0.0,0.0,0.25,0.0134
Kepler-277 b,0.275,0.126,0.131,0.0,0.0,0.261,0.0349
Kepler-277 c,0.202,0.049,0.057,0.0,0.0,0.3,0.04
Kepler-278 b,0.176,0.041,0.116,0.0,0.0,0.363,0.014
Kepler-278 c,0.1098,0.066,0.0311,0.0,0.0,0.32,0.038
Kepler-279 c,0.155,0.019,0.023,0.0,0.0,0.384,0.037
Kepler-279 d,0.118,0.014,0.017,0.0,0.0,0.277,0.114
Kepler-279 e,0.176,0.019,0.019,0.0,0.0,0.67535,0.0
Kepler-27 Ab,0.132,0.019,0.019,0.0,0.0,0.357,0.0
Kepler-27 Ac,0.067,0.012,0.012,0.0,0.0,0.437,0.0
Kepler-27 d,0.025,0.025,0.0,0.0,0.0,0.45,0.09
Kepler-282 d,0.192,0.114,0.113,0.0,0.0,0.219,0.018
Kepler-282 e,0.177,0.053,0.051,0.0,0.0,0.277,0.0143
Kepler-289 b,0.023,0.021,0.021,0.021,0.021,0.192,0.009
Kepler-289 c,0.42,0.05,0.05,0.003,0.003,1.034,0.017
Kepler-289 d,0.013,0.003,0.003,0.053,0.053,0.239,0.015
Kepler-289 e,0.0547,0.0041,0.0041,0.0,0.0,0.67535,0.0
Kepler-28 b,1.51,1.5099,0.0,0.0,0.0,0.321,0.0
Kepler-28 c,1.36,1.3599,0.0,0.0,0.0,0.303,0.0
Kepler-29 b,0.01573,0.00409,0.00472,0.0,0.0,0.227,0.011
Kepler-29 c,0.01416,0.00346,0.00346,0.0,0.0,0.209,0.01
Kepler-305 b,0.033,0.006,0.008,0.0,0.0,0.321,0.032
Kepler-305 c,0.019,0.007,0.008,0.0,0.0,0.294,0.029
Kepler-307 b,0.02341,0.00274,0.00286,0.0,0.0,0.217,0.008
Kepler-307 c,0.01145,0.00182,0.00205,0.0,0.0,0.196,0.006
Kepler-30 b,0.036,0.004,0.004,0.0,0.0,0.348,0.018
Kepler-30 c,2.01,0.16,0.16,0.0,0.0,1.097,0.036
Kepler-30 d,0.073,0.008,0.008,0.0,0.0,0.785,0.045
Kepler-31 c,4.7,4.699,0.0,0.0,0.0,0.473,0.098
Kepler-31 d,6.8,6.7999,0.0,0.0,0.0,0.348,0.071
Kepler-324 d,0.00702,0.00264,0.0016,0.84,0.5,0.1008,0.0045
Kepler-328 b,0.09,0.039,0.041,0.0,0.0,0.205,0.021
Kepler-328 c,0.124,0.04,0.043,0.0,0.0,0.482,0.048
Kepler-32 b,4.1,4.05,0.0,0.0,0.0,0.196,0.018
Kepler-32 c,0.5,0.499,0.0,0.0,0.0,0.178,0.018
Kepler-338 b,0.0963,0.0664,0.0761,0.0,0.0,0.218,0.012
Kepler-338 e,0.027,0.02,0.023,0.0,0.0,0.139,0.006
Kepler-34 (AB)b,0.22,0.011,0.011,0.0,0.0,0.7637,0.0134
Kepler-350 c,0.019,0.01,0.01,0.0,0.0,0.277,0.125
Kepler-350 d,0.047,0.015,0.017,0.0,0.0,0.25,0.092
Kepler-35 (AB)b,0.1268,0.0201,0.0201,0.0,0.0,0.728,0.0134
Kepler-36 b,0.01205,0.00031,0.00035,0.0,0.0,0.134,0.004
Kepler-36 c,0.02243,0.00057,0.00057,0.0,0.0,0.328,0.008
Kepler-37 b,0.01,0.01,0.01,0.0,0.0,0.026,0.003
Kepler-37 c,0.03776,0.0,0.0,0.0,0.0,0.067,0.003
Kepler-37 d,0.017,0.0044,0.0044,0.0,0.0,0.173,0.005
Kepler-37 e,8.1,1.7,1.7,1.7,1.7,0.67535,0.0
Kepler-38 (AB)b,0.38,0.38,0.0,0.0,0.0,0.39,0.01
Kepler-391 c,1.416,1.413,0.0,0.0,0.0,0.316,0.077
Kepler-396 b,0.238,0.018,0.037,0.0,0.0,0.312,0.058
Kepler-396 c,0.056,0.004,0.009,0.0,0.0,0.473,0.088
Kepler-406 b,0.02,0.004,0.004,0.0044,0.0044,0.128,0.003
Kepler-406 c,0.009,0.006,0.006,0.0057,0.0057,0.076,0.003
Kepler-407 Ab,0.005251,0.002586,0.002586,0.0,0.0,0.10358,0.00348
Kepler-407 Ac,11.089,0.0493,0.0493,0.0493,0.0493,0.67535,0.0
Kepler-408 b,0.01573,0.0,0.0,0.0,0.0,0.073,0.0003
Kepler-409 b,0.06922,0.0692,0.0,0.0,0.0,0.106,0.003
Kepler-40 b,2.2,0.4,0.4,0.0,0.0,1.17,0.04
Kepler-411 Ab,0.0805,0.0082,0.0082,0.0,0.0,0.16647,0.00544
Kepler-411 Ac,0.0831,0.0186,0.0186,0.0,0.0,0.28888,0.00964
Kepler-411 Ad,0.04782,0.01605,0.01605,0.0,0.0,0.30119,0.01079
Kepler-411 Ae,0.03398,0.00346,0.00346,0.0,0.0,0.67535,0.0
Kepler-412 b,0.941,0.019,0.125,0.0,0.0,1.341,0.046
Kepler-413 (AB)b,0.211,0.066,0.066,0.0,0.0,0.3881,0.009
Kepler-414 b,0.011,0.009,0.011,0.0,0.0,0.153,0.012
Kepler-414 c,0.094,0.033,0.039,0.0,0.0,0.269,0.022
Kepler-415 b,0.377,0.275,0.321,0.0,0.0,0.108,0.009
Kepler-416 b,0.183,0.124,0.168,0.0,0.0,0.221,0.029
Kepler-417 b,0.035,0.025,0.029,0.0,0.0,0.206,0.015
Kepler-418 b,1.1,0.0,1.1,0.0,0.0,1.2,0.16
Kepler-419 b,2.5,0.3,0.3,0.0,0.0,0.96,0.12
Kepler-419 c,7.3,0.4,0.4,0.0,0.0,0.67535,0.0
Kepler-41 b,0.56,0.08,0.08,0.0,0.0,1.29,0.02
Kepler-420 Ab,1.45,0.35,0.35,0.0,0.0,0.94,0.12
Kepler-422 b,0.43,0.13,0.13,0.13,0.13,1.15,0.11
Kepler-423 b,0.595,0.081,0.081,0.081,0.081,1.192,0.052
Kepler-424 b,1.03,0.13,0.13,0.13,0.13,0.89,0.06
Kepler-424 c,6.97,0.62,0.62,0.62,0.62,0.67535,0.0
Kepler-425 b,0.25,0.08,0.08,0.08,0.08,0.978,0.022
Kepler-426 b,0.34,0.08,0.08,0.08,0.08,1.09,0.03
Kepler-427 b,0.29,0.09,0.09,0.09,0.09,1.23,0.21
Kepler-428 b,1.27,0.19,0.19,0.0,0.0,1.08,0.03
Kepler-42 b,0.009,0.00899,0.0,0.0,0.0,0.07,0.02
Kepler-42 c,0.006,0.00599,0.0,0.0,0.0,0.065,0.018
Kepler-42 d,0.003,0.00299,0.0,0.0,0.0,0.051,0.016
Kepler-432 b,5.41,0.18,0.32,0.3,0.19,1.145,0.039
Kepler-432 c,2.43,0.24,0.22,0.24,0.22,0.67535,0.0
Kepler-433 b,2.82,0.52,0.52,0.0,0.0,1.45,0.16
Kepler-434 b,2.86,0.35,0.35,0.0,0.0,1.13,0.18
Kepler-435 b,0.84,0.15,0.15,0.0,0.0,1.99,0.18
Kepler-43 b,3.23,0.19,0.19,0.0,0.0,1.219,0.064
Kepler-445 b,0.02,0.003,0.003,0.0,0.0,0.14,0.02
Kepler-445 c,0.027,0.002,0.002,0.0,0.0,0.22,0.03
Kepler-445 d,0.011,0.002,0.002,0.0,0.0,0.11,0.02
Kepler-446 b,0.014,0.002,0.002,0.0,0.0,0.13,0.02
Kepler-446 c,0.009,0.003,0.003,0.0,0.0,0.1,0.02
Kepler-446 d,0.01,0.003,0.003,0.0,0.0,0.12,0.02
Kepler-447 b,1.37,0.46,0.48,0.48,0.48,1.65,0.59
Kepler-448 b,1.1,0.8,3.5,0.0,0.0,1.23,0.05
Kepler-44 b,1.0,0.1,0.1,0.0,0.0,1.09,0.07
Kepler-451 (AB)b,1.86,0.5,0.5,0.5,0.5,0.67535,0.0
Kepler-451 (AB)c,1.61,0.14,0.14,0.14,0.14,0.67535,0.0
Kepler-451 (AB)d,1.76,0.18,0.18,0.18,0.18,0.67535,0.0
Kepler-453 (AB)b,0.03,0.03,0.03,0.0,0.0,0.55,0.0031
Kepler-454 Ab,0.017,0.0044,0.0044,0.0044,0.0044,0.2114,0.0116
Kepler-454 Ac,4.583,0.05,0.05,0.05,0.05,0.67535,0.0
Kepler-454 Ad,2.307,0.44,0.44,0.44,0.44,0.67535,0.0
Kepler-45 b,0.505,0.09,0.09,0.0,0.0,0.96,0.11
Kepler-462 b,0.16959,0.07488,0.32911,0.0,0.0,0.268,0.009
Kepler-462 c,0.01888,0.01542,0.03398,0.0,0.0,0.357,0.018
Kepler-46 b,6.0,6.0,0.0,0.0,0.0,0.808,0.043
Kepler-46 c,0.376,0.019,0.021,0.0,0.0,0.67535,0.0
Kepler-47 (AB)d,0.05984,0.0368,0.0749,0.0,0.0,0.6281,0.0437
Kepler-48 b,0.0124,0.0066,0.0066,0.0,0.0,0.168,0.009
Kepler-48 c,0.04597,0.0072,0.0072,0.0,0.0,0.242,0.012
Kepler-48 d,0.025,0.014,0.014,0.0,0.0,0.182,0.0098
Kepler-48 e,2.067,0.079,0.079,0.079,0.079,0.67535,0.0
Kepler-48 f,0.94,0.29,0.29,0.29,0.29,0.67535,0.0
Kepler-49 b,0.98,0.0,0.0,0.0,0.0,0.243,0.0
Kepler-49 c,0.72,0.0,0.0,0.0,0.0,0.227,0.0
Kepler-4 b,0.077,0.012,0.012,0.0,0.0,0.357,0.019
Kepler-50 b,0.1,0.1,0.0,0.0,0.0,0.153,0.009
Kepler-50 c,0.11,0.11,0.0,0.0,0.0,0.194,0.007
Kepler-51 b,0.007,0.003,0.005,0.0,0.0,0.633,0.027
Kepler-51 c,0.013,0.001,0.001,0.0,0.0,0.803,0.152
Kepler-51 d,0.024,0.003,0.003,0.0,0.0,0.865,0.045
Kepler-51 e,0.017,0.009,0.0082,0.0,0.0,0.67535,0.0
Kepler-52 b,0.25,0.12,0.14,0.0,0.0,0.187,0.0
Kepler-52 c,0.198,0.047,0.061,0.0,0.0,0.164,0.0
Kepler-538 Ab,0.03335,0.00755,0.00787,0.0,0.0,0.198,0.003
Kepler-538 Ac,0.00076,0.0,0.0,0.0,0.0,0.0562,0.0054
Kepler-539 b,0.97,0.29,0.29,0.0,0.0,0.747,0.016
Kepler-539 c,2.4,1.2,1.2,0.0,0.0,0.67535,0.0
Kepler-53 c,0.11,0.0,0.0,0.0,0.0,0.283,0.0
Kepler-54 b,0.92,0.0,0.0,0.0,0.0,0.187,0.0
Kepler-54 c,0.37,0.0,0.0,0.0,0.0,0.11,0.0
Kepler-55 Ab,0.1353,0.057,0.117,0.0,0.0,0.17,0.0054
Kepler-55 Ac,0.2196,0.0576,0.1026,0.0,0.0,0.165,0.0045
Kepler-56 b,0.07,0.012,0.012,0.02,0.02,0.581,0.025
Kepler-56 c,0.57,0.06,0.066,0.044,0.044,0.874,0.041
Kepler-56 d,5.61,0.38,0.38,0.38,0.38,0.67535,0.0
Kepler-57 b,0.372,0.08,0.08,0.0,0.0,0.21,0.016
Kepler-57 c,0.0233,0.0198,0.0296,0.0,0.0,0.15,0.012
Kepler-58 b,1.39,1.39,0.0,0.0,0.0,0.248,0.0
Kepler-58 c,2.19,2.19,0.0,0.0,0.0,0.255,0.0
Kepler-595 b,0.05475,0.01196,0.02234,0.0,0.0,0.331,0.001
Kepler-595 c,0.01038,0.00315,0.00535,0.0,0.0,0.09,0.002
Kepler-59 b,2.05,2.05,0.0,0.0,0.0,0.098,0.0
Kepler-59 c,1.37,1.37,0.0,0.0,0.0,0.177,0.0
Kepler-5 b,2.111,0.086,0.067,0.0,0.0,1.426,0.051
Kepler-60 b,0.01318,0.00164,0.00176,0.0,0.0,0.153,0.012
Kepler-60 c,0.01211,0.00255,0.00255,0.0,0.0,0.17,0.013
Kepler-60 d,0.01309,0.00236,0.00264,0.0,0.0,0.178,0.014
Kepler-62 b,0.03,0.0,0.0,0.028,0.0,0.117,0.0036
Kepler-62 c,0.013,0.0,0.0,0.0126,0.0,0.048,0.0027
Kepler-62 d,0.044,0.044,0.0,0.0,0.0,0.174,0.0063
Kepler-62 e,0.113,0.113,0.0,0.0,0.0,0.144,0.0045
Kepler-62 f,0.11,0.11,0.0,0.0,0.0,0.126,0.0063
Kepler-63 b,0.378,0.0,0.0,0.0,0.0,0.545,0.02
Kepler-64 (AB)b,0.53,0.53,0.0,0.0,0.0,0.553,0.015
Kepler-65 c,0.084,0.058,0.064,0.058,0.064,0.23,0.005
Kepler-65 d,0.034,0.034,0.0,0.0,0.0,0.136,0.004
Kepler-65 e,0.82,0.16,0.63,0.055,0.056,0.67535,0.0
Kepler-66 b,0.047,0.0,0.0,0.0,0.0,0.25,0.006
Kepler-67 b,0.047,0.0,0.0,0.0,0.0,0.262,0.014
Kepler-68 b,0.02407,0.00415,0.00431,0.0,0.0,0.206,0.05
Kepler-68 c,0.00642,0.0056,0.00541,0.0,0.0,0.0827,0.0022
Kepler-68 d,0.77,0.03,0.03,0.03,0.03,0.67535,0.0
Kepler-68 e,0.51597,0.1418,0.1418,0.1418,0.1418,0.67535,0.0
Kepler-6 b,0.668,0.035,0.038,0.0,0.0,1.304,0.033
Kepler-70 b,0.0014,0.0,0.0,0.0,0.0,0.068,0.0
Kepler-70 c,0.0021,0.0,0.0,0.0,0.0,0.077,0.0
Kepler-725 c,0.031,0.009,0.009,0.009,0.009,0.67535,0.0
Kepler-74 b,0.63,0.12,0.12,0.0,0.0,0.96,0.02
Kepler-75 b,10.1,0.4,0.4,0.0,0.0,1.05,0.03
Kepler-76 b,2.01,0.35,0.37,0.0,0.0,1.36,0.12
Kepler-77 b,0.43,0.032,0.032,0.0,0.0,0.96,0.016
Kepler-78 Ab,0.00619,0.00168,0.00168,0.0,0.0,0.1,0.01
Kepler-79 b,0.0343,0.019,0.023,0.0,0.0,0.31,0.006
Kepler-79 c,0.019,0.0072,0.006,0.0,0.0,0.332,0.007
Kepler-79 d,0.019,0.005,0.0066,0.0,0.0,0.639,0.014
Kepler-79 e,0.013,0.0035,0.0038,0.0,0.0,0.311,0.012
Kepler-7 b,0.441,0.042,0.043,0.0,0.0,1.622,0.013
Kepler-80 b,0.0218,0.0022,0.0033,0.0,0.0,0.238,0.009
Kepler-80 c,0.02121,0.00271,0.00387,0.0,0.0,0.244,0.009
Kepler-80 d,0.02124,0.0016,0.00217,0.0,0.0,0.136,0.006
Kepler-80 e,0.01299,0.00299,0.00255,0.0,0.0,0.143,0.006
Kepler-82 b,0.03823,0.00274,0.00302,0.0,0.0,0.363,0.009
Kepler-82 c,0.04373,0.00378,0.00409,0.0,0.0,0.476,0.012
Kepler-82 f,0.06576,0.00315,0.00315,0.0,0.0,0.67535,0.0
Kepler-84 Ac,0.0636,0.0321,0.0425,0.0,0.0,0.281,0.0393
Kepler-85 b,0.0465,0.0,0.0,0.0,0.0,0.176,0.009
Kepler-85 c,0.059,0.0,0.0,0.0,0.0,0.194,0.009
Kepler-86 b,0.34235,0.101,0.094,0.0,0.0,0.8466,0.0143
Kepler-87 b,1.02,0.16,0.16,0.0,0.0,1.204,0.049
Kepler-87 c,0.02,0.003,0.003,0.0,0.0,0.548,0.026
Kepler-88 b,0.03,0.0036,0.0036,0.0,0.0,0.307,0.007
Kepler-88 c,0.674,0.016,0.016,0.0,0.0,0.67535,0.0
Kepler-88 d,3.05,0.16,0.16,0.16,0.16,0.67535,0.0
Kepler-89 Ab,0.018115,0.011957,0.011962,0.012,0.012,0.14613,0.01088
Kepler-89 Ac,0.019528,0.017593,0.017609,0.017585,0.017585,0.34473,0.00883
Kepler-89 Ad,0.2504561,0.0272732,0.0272747,0.027273,0.027273,0.91989,0.02177
Kepler-89 Ae,0.0254662,0.025665,0.0256658,0.025665,0.025665,0.54564,0.01294
Kepler-8 b,0.59,0.12,0.13,0.0,0.0,1.416,0.062
Kepler-91 b,0.81,0.17,0.18,0.0,0.0,1.367,0.06
Kepler-92 Ab,0.202,0.044,0.044,0.0,0.0,0.313,0.009
Kepler-92 Ac,0.019,0.006,0.006,0.0,0.0,0.232,0.007
Kepler-93 b,0.0143,0.00267,0.00267,0.0,0.0,0.14,0.01
Kepler-93 c,8.5,0.0,850.0,0.0,0.0,0.67535,0.0
Kepler-94 b,0.034,0.004,0.004,0.0,0.0,0.313,0.013
Kepler-94 c,9.836,0.629,0.629,0.629,0.629,0.67535,0.0
Kepler-95 b,0.041,0.009,0.009,0.0,0.0,0.305,0.008
Kepler-96 b,0.027,0.011,0.011,0.0,0.0,0.238,0.02
Kepler-97 Ab,0.011,0.006,0.006,0.0,0.0,0.132,0.012
Kepler-97 Ac,1.08,0.0,0.0,0.0,0.0,0.67535,0.0
Kepler-98 b,0.011,0.005,0.005,0.0,0.0,0.178,0.02
Kepler-99 Bb,0.0119971,0.0018,0.0018,0.0018,0.0018,0.16166,0.01204
Kepler-9 b,0.13655,0.00629,0.00503,0.0,0.0,0.74,0.038
Kepler-9 c,0.09408,0.00409,0.00346,0.0,0.0,0.721,0.037
Kepler-9 d,0.016518264,0.005506088,0.005506088,0.0,0.0,0.146,0.012
KIC 3853259 (AB)b,10.0,0.0,0.0,0.0,0.0,0.67535,0.0
KIC 7177553 (AB)b,5.0,0.0,0.0,0.0,0.0,0.67535,0.0
KIC 7821010 (AB)b,2.6,0.0,0.0,0.0,0.0,0.67535,0.0
KMT-2016-BLG-0625 b,0.051,0.044,0.044,0.0,0.0,0.67535,0.0
KMT-2016-BLG-1105 b,0.0073,0.00585,0.02338,0.0,0.0,0.67535,0.0
KMT-2016-BLG-1107 b,3.283,1.835,3.468,0.0,0.0,0.67535,0.0
KMT-2016-BLG-1397 b,7.0,4.3,5.2,0.0,0.0,0.67535,0.0
KMT-2016-BLG-1751,1.2,1.19,1.21,0.0,0.0,0.67535,0.0
KMT-2016-BLG-1836L b,2.2,1.1,1.9,0.0,0.0,0.67535,0.0
KMT-2016-BLG-2321 b,3.58,1.22,1.22,0.0,0.0,0.67535,0.0
KMT-2016-BLG-2364 b,3.93,2.17,3.16,0.0,0.0,0.67535,0.0
KMT-2016-BLG-2397 b,2.42,1.16,1.16,0.0,0.0,0.67535,0.0
KMT-2016-BLG-2605 b,0.771,0.401,1.183,0.0,0.0,0.67535,0.0
KMT-2017-BLG-0165L b,0.107,0.038,0.047,0.0,0.0,0.67535,0.0
KMT-2017-BLG-0428 b,0.01114,0.00513,0.00614,0.0,0.0,0.67535,0.0
KMT-2017-BLG-0673L b,3.67,3.1,3.2,0.0,0.0,0.67535,0.0
KMT-2017-BLG-0849 b,0.02011,0.009,0.0245,0.0,0.0,0.67535,0.0
KMT-2017-BLG-1003 b,0.01633,0.0088,0.01696,0.0,0.0,0.67535,0.0
KMT-2017-BLG-1038 b,2.4,1.4,1.8,0.0,0.0,0.67535,0.0
KMT-2017-BLG-1057 b,0.0739,0.038,0.047,0.0,0.0,0.67535,0.0
KMT-2017-BLG-1146 b,0.85,0.52,0.76,0.0,0.0,0.67535,0.0
KMT-2017-BLG-1194 b,3.54,1.63,1.95,0.0,0.0,0.67535,0.0
KMT-2017-BLG-2197 b,8.84,4.9,8.3,0.0,0.0,0.67535,0.0
KMT-2017-BLG-2331 b,0.538,0.277,0.44,0.0,0.0,0.67535,0.0
KMT-2017-BLG-2509 b,2.09,1.26,1.68,0.0,0.0,0.67535,0.0
KMT-2018-BLG-0029 b,0.02017,0.00236,0.0025,0.0,0.0,0.67535,0.0
KMT-2018-BLG-0030 b,1.45,0.88,1.23,0.0,0.0,0.67535,0.0
KMT-2018-BLG-0087 b,0.23,0.12,0.32,0.0,0.0,0.67535,0.0
KMT-2018-BLG-0247 b,2.11,1.0,2.0,0.0,0.0,0.67535,0.0
KMT-2018-BLG-0748 b,0.19,0.1,0.28,0.0,0.0,0.67535,0.0
KMT-2018-BLG-1025L b,0.019064,0.0101,0.025,0.0,0.0,0.67535,0.0
KMT-2018-BLG-1292L b,4.9,1.5,1.5,0.0,0.0,0.67535,0.0
KMT-2018-BLG-1743 b,0.925,0.68,0.675,0.0,0.0,0.67535,0.0
KMT-2018-BLG-1976L b,1.96,1.12,1.23,0.0,0.0,0.67535,0.0
KMT-2018-BLG-1988L b,0.0214,0.0104,0.0148,0.0,0.0,0.67535,0.0
KMT-2018-BLG-1990L b,0.57,0.25,0.79,0.0,0.0,0.67535,0.0
KMT-2018-BLG-1996L b,1.22,0.63,0.72,0.0,0.0,0.67535,0.0
KMT-2018-BLG-2004 b,0.27,0.12,0.12,0.0,0.0,0.67535,0.0
KMT-2018-BLG-2119 b,12.0,7.0,22.0,0.0,0.0,0.67535,0.0
KMT-2018-BLG-2602 b,1.15,0.6,0.7,0.0,0.0,0.67535,0.0
KMT-2019-BLG-0253 b,0.0289,0.0129,0.016,0.0,0.0,0.67535,0.0
KMT-2019-BLG-0298 b,1.81,0.96,0.96,0.0,0.0,0.67535,0.0
KMT-2019-BLG-0414L b,4.42,2.3,4.0,0.0,0.0,0.67535,0.0
KMT-2019-BLG-0578 b,1.2,0.6,1.2,0.0,0.0,0.67535,0.0
KMT-2019-BLG-0842 b,10.28,5.28,5.84,0.0,0.0,0.67535,0.0
KMT-2019-BLG-1042 b,0.19,0.11,0.21,0.0,0.0,0.67535,0.0
KMT-2019-BLG-1216 b,0.094,0.05,0.05,0.0,0.0,0.67535,0.0
KMT-2019-BLG-1339 b,12.2,6.7,16.1,0.0,0.0,0.67535,0.0
KMT-2019-BLG-1367 b,0.01284,0.00654,0.00812,0.0,0.0,0.67535,0.0
KMT-2019-BLG-1552 b,4.05,1.85,1.73,0.0,0.0,0.67535,0.0
KMT-2019-BLG-1715 b,2.56,1.16,1.13,0.0,0.0,0.67535,0.0
KMT-2019-BLG-1806 b,0.01469,0.005,0.00491,0.0,0.0,0.67535,0.0
KMT-2019-BLG-1953L b,0.59,0.32,0.71,0.0,0.0,0.67535,0.0
KMT-2019-BLG-1953L c,0.28,0.15,0.35,0.0,0.0,0.67535,0.0
KMT-2019-BLG-2783 b,1.16,0.77,0.77,0.0,0.0,0.67535,0.0
KMT-2019-BLG-2974 b,0.28,0.18,0.28,0.0,0.0,0.67535,0.0
KMT-2020-BLG-0414L b,0.00588,0.0005,0.00085,0.0,0.0,0.67535,0.0
KMT-2020-BLG-0757 b,10.7,5.6,6.2,0.0,0.0,0.67535,0.0
KMT-2021-BLG-0119 b,5.7,3.0,3.0,0.0,0.0,0.67535,0.0
KMT-2021-BLG-0171L b,0.0352,0.0142,0.0173,0.0,0.0,0.67535,0.0
KMT-2021-BLG-0192 b,0.15,0.1,0.1,0.0,0.0,0.67535,0.0
KMT-2021-BLG-0240 b,0.4,0.08,0.08,0.0,0.0,0.67535,0.0
KMT-2021-BLG-0240 c,0.7,0.25,0.25,0.0,0.0,0.67535,0.0
KMT-2021-BLG-0320 b,0.1,0.07,0.13,0.0,0.0,0.67535,0.0
KMT-2021-BLG-0322 b,6.4,2.78,2.64,0.0,0.0,0.67535,0.0
KMT-2021-BLG-0712 b,0.12016,0.038,0.066,0.0,0.0,0.67535,0.0
KMT-2021-BLG-0736 b,0.066,0.05,0.041,0.0,0.0,0.67535,0.0
KMT-2021-BLG-0748 b,0.45,0.25,0.4,0.0,0.0,0.67535,0.0
KMT-2021-BLG-0909 b,1.26,0.66,1.0,0.0,0.0,0.67535,0.0
KMT-2021-BLG-0912 b,6.92,2.6,2.13,0.0,0.0,0.67535,0.0
KMT-2021-BLG-1077L b,0.22,0.12,0.31,0.0,0.0,0.67535,0.0
KMT-2021-BLG-1077L c,0.25,0.13,0.35,0.0,0.0,0.67535,0.0
KMT-2021-BLG-1105 b,1.3,0.68,0.68,0.0,0.0,0.67535,0.0
KMT-2021-BLG-1150L b,0.88,0.38,0.38,0.0,0.0,0.67535,0.0
KMT-2021-BLG-1253 b,0.05994,0.0319,0.06425,0.0,0.0,0.67535,0.0
KMT-2021-BLG-1303 b,0.38,0.2,0.22,0.0,0.0,0.67535,0.0
KMT-2021-BLG-1372 b,0.19278,0.11289,0.11289,0.0,0.0,0.67535,0.0
KMT-2021-BLG-1391 b,0.01432,0.00727,0.00727,0.0,0.0,0.67535,0.0
KMT-2021-BLG-1547L b,1.47,0.77,0.65,0.0,0.0,0.67535,0.0
KMT-2021-BLG-1554 b,0.12,0.07,0.2,0.0,0.0,0.67535,0.0
KMT-2021-BLG-1689L b,0.145,0.094,0.072,0.0,0.0,0.67535,0.0
KMT-2021-BLG-1898 b,0.76,0.05,0.05,0.0,0.0,0.67535,0.0
KMT-2021-BLG-2010 b,1.07,0.68,1.15,0.0,0.0,0.67535,0.0
KMT-2021-BLG-2294 b,0.07,0.1,0.04,0.0,0.0,0.67535,0.0
KMT-2021-BLG-2478 b,0.8,0.35,0.56,0.0,0.0,0.67535,0.0
KMT-2021-BLG-2609 b,0.032,0.018,0.044,0.0,0.0,0.67535,0.0
KMT-2022-BLG-0303 b,0.513,0.275,0.41,0.0,0.0,0.67535,0.0
KMT-2022-BLG-0371 b,0.26,0.11,0.13,0.0,0.0,0.67535,0.0
KMT-2022-BLG-0440L b,0.0485,0.0233,0.0302,0.0,0.0,0.67535,0.0
KMT-2022-BLG-0475 b,0.079,0.042,0.065,0.0,0.0,0.67535,0.0
KMT-2022-BLG-0732 b,1.12,0.065,0.065,0.0,0.0,0.67535,0.0
KMT-2022-BLG-1013 b,0.31,0.16,0.46,0.0,0.0,0.67535,0.0
KMT-2022-BLG-1480 b,0.083,0.042,0.073,0.0,0.0,0.67535,0.0
KMT-2022-BLG-1787 b,6.64,3.6,5.0,0.0,0.0,0.67535,0.0
KMT-2022-BLG-1790 b,1.73,0.9,0.95,0.0,0.0,0.67535,0.0
KMT-2022-BLG-1818L b,1.5,0.3,0.6,0.0,0.0,0.67535,0.0
KMT-2022-BLG-1818L c,0.35,0.17,0.24,0.0,0.0,0.67535,0.0
KMT-2022-BLG-1852 b,5.0,3.0,5.4,0.0,0.0,0.67535,0.0
KMT-2022-BLG-2076 b,0.88,0.46,0.46,0.0,0.0,0.67535,0.0
KMT-2023-BLG-0119 b,0.2633,0.14395,0.1682,0.0,0.0,0.67535,0.0
KMT-2023-BLG-0416 b,6.15,3.2,3.0,0.0,0.0,0.67535,0.0
KMT-2023-BLG-0469 b,0.124,0.067,0.092,0.0,0.0,0.67535,0.0
KMT-2023-BLG-0735 b,0.12,0.07,0.07,0.0,0.0,0.67535,0.0
KMT-2023-BLG-1454 b,0.63,0.34,0.71,0.0,0.0,0.67535,0.0
KMT-2023-BLG-1642 b,1.18,1.9,0.7,0.0,0.0,0.67535,0.0
KMT-2023-BLG-1866L b,0.0104,0.0038,0.0038,0.0,0.0,0.67535,0.0
KMT-2023-BLG-1896 b,0.05144,0.02656,0.03087,0.0,0.0,0.67535,0.0
KMT-2023-BLG-2209 b,0.8,0.38,0.38,0.0,0.0,0.67535,0.0
KMT-2024-BLG-1044 b,0.0431,0.0211,0.0478,0.0,0.0,0.67535,0.0
KMT-2024-BLG-1209L b,2.64,1.16,1.57,0.0,0.0,0.67535,0.0
KOBE-1 b,0.0277,0.00239,0.00239,0.00239,0.00239,0.67535,0.0
KOBE-1 c,0.039,0.0035,0.0035,0.0035,0.0035,0.67535,0.0
KOI-2700 b,0.00271,0.00271,0.0,0.0,0.0,0.0946,0.0946
KPS-1 b,1.09,0.087,0.087,0.0,0.0,1.03,0.13
ksi Aql b,2.02,0.2,0.2,0.2,0.2,0.67535,0.0
L 168-9 b,0.01265,0.00138,0.00138,0.0,0.0,0.1392,0.0098
L 363-38 b,0.01469,0.00135,0.00135,0.00135,0.00135,0.67535,0.0
L 98-59 b,0.0013,0.0005,0.0005,0.0,0.0,0.0758,0.0036
L 98-59 c,0.00698,0.00082,0.00082,0.0,0.0,0.12356,0.00669
L 98-59 d,0.0061,0.00088,0.00088,0.0,0.0,0.1357,0.00874
L 98-59 e,0.00963,0.00116,0.00104,0.00116,0.00104,0.67535,0.0
Lalande 21185 b,0.00846,0.00079,0.00079,0.00079,0.00079,0.67535,0.0
Lalande 21185 c,0.0428,0.0076,0.0076,0.0076,0.0076,0.67535,0.0
Lalande 21185 d,0.01224,0.00264,0.00264,0.00264,0.00264,0.67535,0.0
lam2 For Ab,0.0529,0.0041,0.0041,0.0041,0.0041,0.67535,0.0
lam Ser b,0.0428,0.0047,0.0047,0.0047,0.0047,0.67535,0.0
LHS 1140 b,0.02196,0.0028,0.0028,0.0,0.0,0.15407,0.00285
LHS 1140 c,0.00569,0.00123,0.00123,0.0,0.0,0.11437,0.00214
LHS 1478 b,0.00733,0.0006,0.0006,0.0,0.0,0.1106,0.0045
LHS 1678 b,0.00019,0.00019,0.0003,0.0,0.0,0.06111,0.0033
LHS 1678 c,0.00123,0.00123,0.00135,0.0,0.0,0.08395,0.0045
LHS 1678 d,0.00289,0.00107,0.00208,0.0,0.0,0.08752,0.0062
LHS 1815 b,0.0132,0.0047,0.0047,0.0,0.0,0.09707,0.00571
LHS 3154 b,0.04137,0.00264,0.00264,0.00264,0.00264,0.67535,0.0
LHS 475 b,0.00308,0.00113,0.00198,0.0,0.0,0.0883,0.0045
LP 714-47 b,0.0969,0.0047,0.0047,0.0,0.0,0.419,0.027
LP 791-18 c,0.0223,0.0022,0.0022,0.0,0.0,0.2061,0.0223
LP 791-18 d,0.0028,0.0006,0.0006,0.0,0.0,0.0919,0.0036
LP 890-9 b,0.0415,0.0415,0.0,0.0,0.0,0.1178,0.00241
LP 890-9 c,0.0796,0.0796,0.0796,0.0,0.0,0.12196,0.00348
LSPM J0220+3320 (AB)b,7.5,0.0,0.0,0.0,0.0,0.67535,0.0
LSPM J2116+0234 b,0.042,0.003,0.003,0.003,0.003,0.67535,0.0
LTT 1445 Ab,0.009,0.0008,0.0008,0.0,0.0,0.116,0.006
LTT 1445 Ac,0.00485,0.0006,0.0006,0.0,0.0,0.10233,0.00491
LTT 1445 Ad,0.00856,0.000236,0.000236,0.000236,0.000236,0.67535,0.0
LTT 9779 b,0.09225,0.00255,0.00245,0.0,0.0,0.4211,0.0205
Lupus-TR-3 b,0.81,0.18,0.18,0.0,0.0,0.89,0.07
Luyten's Star b,0.00922,0.0,0.0,0.003,0.003,0.67535,0.0
Luyten's Star c,0.00374,0.0,0.0,0.0013,0.0013,0.67535,0.0
Luyten's Star d,0.03448,0.0,0.0,0.011,0.0123,0.67535,0.0
Luyten's Star e,0.0297,0.0,0.0,0.0123,0.0135,0.67535,0.0
M62H b,2.47,0.0,0.0,0.0,0.0,0.67535,0.0
MASCARA-1 b,3.7,0.9,0.9,0.0,0.0,1.5,0.3
MASCARA-3 Ab,5.18,0.22,0.22,0.0,0.0,1.272,0.022
MASCARA-4 Ab,1.675,0.241,0.241,0.0,0.0,1.53,0.04
MAXI J1957+032 b,17.0,0.0,0.0,0.0,0.0,0.5,0.0
Mayrit 260182 b,4.0,2.0,3.0,0.0,0.0,0.67535,0.0
MOA-2007-BLG-192L b,0.0393,0.025,0.2061,0.0,0.0,0.67535,0.0
MOA-2007-BLG-400L b,1.71,0.27,0.27,0.0,0.0,0.67535,0.0
MOA-2008-BLG-310L b,0.233,0.053,0.053,0.0,0.0,0.67535,0.0
MOA-2008-BLG-379L b,2.44,0.5,0.5,0.0,0.0,0.67535,0.0
MOA-2009-BLG-266L b,0.0327,0.005,0.005,0.0,0.0,0.67535,0.0
MOA-2009-BLG-319L b,0.208,0.0255,0.0255,0.0,0.0,0.67535,0.0
MOA-2009-BLG-387L b,2.6,1.6,4.1,0.0,0.0,0.67535,0.0
MOA-2010-BLG-073L b,11.0,2.0,2.0,0.0,0.0,0.67535,0.0
MOA-2010-BLG-117 b,0.51,0.07,0.07,0.0,0.0,0.67535,0.0
MOA-2010-BLG-328L b,0.029,0.007,0.007,0.0,0.0,0.67535,0.0
MOA-2010-BLG-353L b,0.27,0.16,0.48,0.0,0.0,0.67535,0.0
MOA-2010-BLG-477L b,1.4,0.3,0.3,0.0,0.0,0.67535,0.0
MOA-2011-BLG-028L b,0.094,0.038,0.05,0.0,0.0,0.67535,0.0
MOA-2011-BLG-262L b,0.09099,0.01495,0.01495,0.0,0.0,0.67535,0.0
MOA-2011-BLG-274 b,0.8,0.3,0.3,0.0,0.0,0.67535,0.0
MOA-2011-BLG-291 b,0.085,0.053,0.148,0.0,0.0,0.67535,0.0
MOA-2011-BLG-293L b,4.8,0.3,0.3,0.0,0.0,0.67535,0.0
MOA-2011-BLG-322L b,7.8,8.6,4.3,0.0,0.0,0.67535,0.0
MOA-2012-BLG-006 b,8.4,3.9,4.6,0.0,0.0,0.67535,0.0
MOA-2012-BLG-505L b,6.7,3.5,10.6,0.0,0.0,0.67535,0.0
MOA-2013-BLG-220L b,2.74,0.17,0.17,0.0,0.0,0.67535,0.0
MOA-2013-BLG-605L b,0.066,0.02,0.02,0.0,0.0,0.67535,0.0
MOA-2014-BLG-472 b,1.9,1.2,1.22,0.0,0.0,0.67535,0.0
MOA-2016-BLG-227L b,2.3,1.2,2.6,0.0,0.0,0.67535,0.0
MOA-2016-BLG-319L b,0.62,0.33,1.16,0.0,0.0,0.67535,0.0
MOA-2016-BLG-526 b,6.93,0.75,0.75,0.0,0.0,0.67535,0.0
MOA-2016-BLG-532 b,0.41,0.33,0.33,0.0,0.0,0.67535,0.0
MOA-2019-BLG-421 b,0.54,0.37,0.64,0.0,0.0,0.67535,0.0
MOA-2020-BLG-135 b,0.0356,0.0217,0.0604,0.0,0.0,0.67535,0.0
MOA-2020-BLG-208 b,0.2168,0.107,0.12,0.0,0.0,0.67535,0.0
MOA-2022-BLG-033 b,0.03823,0.01966,0.02961,0.0,0.0,0.67535,0.0
MOA-2022-BLG-091L b,3.59,1.67,2.0,0.0,0.0,0.67535,0.0
MOA-2022-BLG-249L b,0.0152,0.00453,0.00453,0.0,0.0,0.67535,0.0
MOA-2022-BLG-563 b,0.4,0.25,0.31,0.0,0.0,0.67535,0.0
MOA-bin-1L b,3.7,2.1,2.1,0.0,0.0,0.67535,0.0
mu2 Oct Ab,6.9,1.1,3.9,1.1,3.9,0.67535,0.0
mu Ara b,1.676,0.0,0.0,0.0,0.0,0.67535,0.0
mu Ara c,0.03321,0.0,0.0,0.0,0.0,0.67535,0.0
mu Ara d,0.5219,0.0,0.0,0.0,0.0,0.67535,0.0
mu Ara e,1.814,0.0,0.0,0.0,0.0,0.67535,0.0
mu Leo b,2.4,0.4,0.4,0.4,0.4,0.67535,0.0
NGC 2423 3 b,10.6,0.0,0.0,0.0,0.0,0.67535,0.0
NGC 6440 X-2 b,7.6,0.0,0.0,0.0,0.0,0.67535,0.0
NGTS-10 Ab,2.162,0.107,0.092,0.0,0.0,1.205,0.083
NGTS-11 b,0.37,0.14,0.14,0.0,0.0,0.823,0.035
NGTS-12 b,0.208,0.022,0.022,0.0,0.0,1.048,0.032
NGTS-13 b,4.84,0.44,0.44,0.0,0.0,1.142,0.046
NGTS-14 Ab,0.092,0.012,0.012,0.0,0.0,0.44,0.03
NGTS-15 b,0.751,0.09,0.1,0.0,0.0,1.1,0.1
NGTS-16 b,0.667,0.13,0.16,0.0,0.0,1.3,0.13
NGTS-17 b,0.764,0.164,0.195,0.0,0.0,1.24,0.11
NGTS-18 b,0.409,0.063,0.081,0.0,0.0,1.21,0.18
NGTS-1 b,0.812,0.025,0.066,0.0,0.0,1.33,0.33
NGTS-20 b,2.98,0.16,0.16,0.0,0.0,1.07,0.04
NGTS-21 b,2.36,0.21,0.21,0.0,0.0,1.33,0.03
NGTS-23 b,0.613,0.1,0.1,0.0,0.0,1.267,0.03
NGTS-24 b,0.52,0.12,0.12,0.0,0.0,1.214,0.062
NGTS-25 b,0.639,0.052,0.058,0.0,0.0,1.023,0.052
NGTS-26 b,0.29,0.06,0.065,0.0,0.0,1.33,0.05
NGTS-27 b,0.593,0.07,0.095,0.0,0.0,1.396,0.04
NGTS-29 b,0.39,0.03,0.03,0.0,0.0,0.857,0.012
NGTS-2 b,0.67,0.089,0.089,0.0,0.0,1.536,0.062
NGTS-30 b,0.96,0.056,0.056,0.0,0.0,0.93,0.03
NGTS-31 b,1.12,0.12,0.12,0.0,0.0,1.61,0.16
NGTS-32 b,0.57,0.05,0.05,0.0,0.0,1.42,0.03
NGTS-33 b,3.63,0.27,0.27,0.0,0.0,1.64,0.07
NGTS-3 Ab,2.38,0.26,0.26,0.0,0.0,1.48,0.37
NGTS-4 b,0.0648,0.009,0.009,0.0,0.0,0.2837,0.0232
NGTS-5 Ab,0.229,0.037,0.037,0.0,0.0,1.136,0.023
NGTS-6 Ab,1.33,0.028,0.024,0.0,0.0,1.271,0.19
NGTS-8 b,0.93,0.04,0.04,0.0,0.0,1.09,0.03
NGTS-9 b,2.9,0.17,0.17,0.0,0.0,1.07,0.06
NN Ser (AB)c,6.91,0.54,0.54,0.0,0.0,0.67535,0.0
NN Ser (AB)d,2.28,0.38,0.38,0.0,0.0,0.67535,0.0
NN Ser (AB)e,9.43,0.47,0.47,0.47,0.47,0.67535,0.0
NSVS 1425 (AB) b,12.32,0.0,0.0,0.0,0.0,0.67535,0.0
NSVS 1425 (AB) c,8.0,0.8,0.8,0.0,0.0,0.67535,0.0
NSVS 7826147 (AB)b,1.36,0.0,0.0,0.0,0.0,0.67535,0.0
nu2 CMa b,1.895,0.04,0.06,0.04,0.06,0.67535,0.0
nu2 CMa c,0.906,0.06,0.06,0.06,0.06,0.67535,0.0
nu2 Lup b,0.01472,0.0013,0.0013,0.0025,0.0025,0.14658,0.00312
nu2 Lup c,0.0353,0.0019,0.0019,0.0031,0.0031,0.25489,0.00517
nu2 Lup d,0.02725,0.0028,0.0028,0.011,0.011,0.22366,0.0036
nu Oct b,2.13,0.09,0.09,0.0,0.0,0.67535,0.0
NY Vir (AB)b,2.78,0.0,0.0,0.0,0.0,0.67535,0.0
NY Vir (AB)c,4.49,0.0,0.0,0.0,0.0,0.67535,0.0
OGLE-2003-BLG-235L b,2.34,0.53,0.53,0.0,0.0,0.67535,0.0
OGLE-2005-BLG-071L b,3.5,0.3,0.3,0.0,0.0,0.67535,0.0
OGLE-2005-BLG-169L b,0.0444,0.003,0.003,0.0,0.0,0.67535,0.0
OGLE-2005-BLG-390L b,0.017,0.0,0.0,0.0,0.0,0.67535,0.0
OGLE-2006-109L b,0.727,0.06,0.06,0.0,0.0,0.67535,0.0
OGLE-2006-109L c,0.271,0.022,0.022,0.0,0.0,0.67535,0.0
OGLE-2006-BLG-284 b,0.453,0.258,0.431,0.0,0.0,0.67535,0.0
OGLE-2007-BLG-349L (AB)b,0.25,0.041,0.041,0.0,0.0,0.67535,0.0
OGLE-2007-BLG-368L b,0.0694,0.0,0.0,0.0,0.0,0.67535,0.0
OGLE-2008-BLG-092L Ab,0.18,0.0,0.0,0.0,0.0,0.67535,0.0
OGLE-2008-BLG-355L b,4.6,2.2,3.7,0.0,0.0,0.67535,0.0
OGLE-2011-BLG-0173L b,0.19,0.11,0.19,0.0,0.0,0.67535,0.0
OGLE-2011-BLG-0251L b,0.96,0.14,0.14,0.0,0.0,0.67535,0.0
OGLE-2011-BLG-0265L b,0.88,0.18,0.27,0.0,0.0,0.67535,0.0
OGLE-2012-BLG-0026L b,0.11,0.002,0.002,0.0,0.0,0.67535,0.0
OGLE-2012-BLG-0026L c,0.68,0.1,0.1,0.0,0.0,0.67535,0.0
OGLE-2012-BLG-0406L b,2.73,0.43,0.43,0.0,0.0,0.67535,0.0
OGLE-2012-BLG-0563L b,1.116,0.087,0.087,0.0,0.0,0.67535,0.0
OGLE-2012-BLG-0724L b,0.47,0.26,0.54,0.0,0.0,0.67535,0.0
OGLE-2012-BLG-0838 b,0.25,0.12,0.12,0.0,0.0,0.67535,0.0
OGLE-2012-BLG-0950L b,0.11,0.028,0.053,0.0,0.0,0.67535,0.0
OGLE-2013-BLG-0132L b,0.26,0.028,0.028,0.0,0.0,0.67535,0.0
OGLE-2013-BLG-0341L Bb,0.005222918,0.00056634,0.00056634,0.0,0.0,0.67535,0.0
OGLE-2013-BLG-0911L b,10.08,3.6,3.6,0.0,0.0,0.67535,0.0
OGLE-2013-BLG-1721L b,0.64,0.31,0.35,0.0,0.0,0.67535,0.0
OGLE-2013-BLG-1761L b,2.8,1.5,2.5,0.0,0.0,0.67535,0.0
OGLE-2014-BLG-0124L b,0.64,0.044,0.044,0.0,0.0,0.67535,0.0
OGLE-2014-BLG-0221L b,4.35,1.9,70.0,0.0,0.0,0.67535,0.0
OGLE-2014-BLG-0319 b,0.57,0.31,0.36,0.0,0.0,0.67535,0.0
OGLE-2014-BLG-0676L b,3.68,1.44,0.77,0.0,0.0,0.67535,0.0
OGLE-2014-BLG-1186L b,0.142,0.028,0.028,0.0,0.0,0.67535,0.0
OGLE-2014-BLG-1722L b,0.174,0.104,0.16,0.0,0.0,0.67535,0.0
OGLE-2014-BLG-1722L c,0.2633,0.16,0.271,0.0,0.0,0.67535,0.0
OGLE-2014-BLG-1760L b,0.931,0.12,0.12,0.0,0.0,0.67535,0.0
OGLE-2015-BLG-0051L b,0.72,0.07,0.65,0.0,0.0,0.67535,0.0
OGLE-2015-BLG-0954L b,4.4,1.6,1.6,0.0,0.0,0.67535,0.0
OGLE-2015-BLG-0966L b,0.066,0.006,0.006,0.0,0.0,0.67535,0.0
OGLE-2015-BLG-1609L b,0.24,0.17,0.9,0.0,0.0,0.67535,0.0
OGLE-2015-BLG-1649 b,2.54,1.4,1.5,0.0,0.0,0.67535,0.0
OGLE-2015-BLG-1670L b,0.0563,0.0277,0.0302,0.0,0.0,0.67535,0.0
OGLE-2015-BLG-1771L b,0.433,0.25,0.674,0.0,0.0,0.67535,0.0
OGLE-2016-BLG-0007 b,0.00415,0.0022,0.0028,0.0,0.0,0.67535,0.0
OGLE-2016-BLG-0263L b,4.1,2.5,6.5,0.0,0.0,0.67535,0.0
OGLE-2016-BLG-0596L b,12.2,0.0,0.0,0.0,0.0,0.67535,0.0
OGLE-2016-BLG-0613L (AB) b,4.18,2.43,3.19,0.0,0.0,0.67535,0.0
OGLE-2016-BLG-1067L b,0.43,0.17,0.21,0.0,0.0,0.67535,0.0
OGLE-2016-BLG-1093L b,0.71,0.13,0.13,0.0,0.0,0.67535,0.0
OGLE-2016-BLG-1195L b,0.0045,0.001,0.0014,0.0,0.0,0.67535,0.0
OGLE-2016-BLG-1227 b,0.79,0.39,1.3,0.0,0.0,0.67535,0.0
OGLE-2016-BLG-1598 b,5.91,1.74,1.74,0.0,0.0,0.67535,0.0
OGLE-2016-BLG-1635 b,11.49,8.0,8.0,0.0,0.0,0.67535,0.0
OGLE-2016-BLG-1800 b,2.59,1.46,1.46,0.0,0.0,0.67535,0.0
OGLE-2016-BLG-1850 b,0.02936,0.0123,0.0123,0.0,0.0,0.67535,0.0
OGLE-2017-BLG-0173L b,9.08,5.7,10.85,0.0,0.0,0.67535,0.0
OGLE-2017-BLG-0364 b,0.2385,0.135,0.173,0.0,0.0,0.67535,0.0
OGLE-2017-BLG-0406 b,0.41,0.05,0.05,0.0,0.0,0.67535,0.0
OGLE-2017-BLG-0448 b,7.3,4.0,8.35,0.0,0.0,0.67535,0.0
OGLE-2017-BLG-0482 b,9.0,4.5,9.0,0.0,0.0,0.67535,0.0
OGLE-2017-BLG-0604 b,0.51,0.23,0.23,0.0,0.0,0.67535,0.0
OGLE-2017-BLG-0640 b,1.62,0.94,1.64,0.0,0.0,0.67535,0.0
OGLE-2017-BLG-1049 b,5.53,2.87,3.62,0.0,0.0,0.67535,0.0
OGLE-2017-BLG-1099 b,3.02,1.81,2.43,0.0,0.0,0.67535,0.0
OGLE-2017-BLG-1140L b,1.63,0.29,0.0,0.0,0.0,0.67535,0.0
OGLE-2017-BLG-1237 b,3.8,2.0,2.5,0.0,0.0,0.67535,0.0
OGLE-2017-BLG-1275 b,5.9,2.2,2.2,0.0,0.0,0.67535,0.0
OGLE-2017-BLG-1375 b,10.33,3.0,3.0,0.0,0.0,0.67535,0.0
OGLE-2017-BLG-1434L b,0.014,0.0016,0.0016,0.0,0.0,0.67535,0.0
OGLE-2017-BLG-1691L b,0.046,0.025,0.037,0.0,0.0,0.67535,0.0
OGLE-2017-BLG-1806 b,0.01658,0.00856,0.01482,0.0,0.0,0.67535,0.0
OGLE-2018-BLG-0298 b,0.14,0.07,0.07,0.0,0.0,0.67535,0.0
OGLE-2018-BLG-0383 b,0.0201,0.0088,0.0173,0.0,0.0,0.67535,0.0
OGLE-2018-BLG-0506 b,0.0513,0.0267,0.038,0.0,0.0,0.67535,0.0
OGLE-2018-BLG-0516 b,0.0632,0.0337,0.0516,0.0,0.0,0.67535,0.0
OGLE-2018-BLG-0532 b,0.019636,0.002888,0.002888,0.0,0.0,0.67535,0.0
OGLE-2018-BLG-0567L b,0.32,0.16,0.34,0.0,0.0,0.67535,0.0
OGLE-2018-BLG-0596 b,0.0267,0.0236,0.0236,0.0,0.0,0.67535,0.0
OGLE-2018-BLG-0677L b,0.01246,0.00837,0.0185,0.0,0.0,0.67535,0.0
OGLE-2018-BLG-0740L b,4.5,0.6,0.6,0.0,0.0,0.67535,0.0
OGLE-2018-BLG-0799L b,0.41,0.19,0.45,0.0,0.0,0.67535,0.0
OGLE-2018-BLG-0932 b,0.89,0.31,0.36,0.0,0.0,0.67535,0.0
OGLE-2018-BLG-0962,1.37,0.72,0.8,0.0,0.0,0.67535,0.0
OGLE-2018-BLG-0977 b,0.0201,0.0116,0.0164,0.0,0.0,0.67535,0.0
OGLE-2018-BLG-1011L b,1.8,1.1,3.4,0.0,0.0,0.67535,0.0
OGLE-2018-BLG-1011L c,2.8,1.7,5.1,0.0,0.0,0.67535,0.0
OGLE-2018-BLG-1119 b,0.91,0.52,0.66,0.0,0.0,0.67535,0.0
OGLE-2018-BLG-1126 b,0.056,0.031,0.033,0.0,0.0,0.67535,0.0
OGLE-2018-BLG-1185 b,0.0264,0.0148,0.0249,0.0,0.0,0.67535,0.0
OGLE-2018-BLG-1212 b,0.2,0.13,0.16,0.0,0.0,0.67535,0.0
OGLE-2018-BLG-1269L b,0.69,0.22,0.44,0.0,0.0,0.67535,0.0
OGLE-2018-BLG-1367 b,0.95,0.44,0.75,0.0,0.0,0.67535,0.0
OGLE-2018-BLG-1428L b,0.77,0.33,0.77,0.0,0.0,0.67535,0.0
OGLE-2018-BLG-1544 b,11.2,5.9,6.3,0.0,0.0,0.67535,0.0
OGLE-2018-BLG-1647 b,0.97,0.56,1.78,0.0,0.0,0.67535,0.0
OGLE-2018-BLG-1700L b,4.4,2.0,3.0,0.0,0.0,0.67535,0.0
OGLE-2019-BLG-0249 b,7.12,1.47,1.47,0.0,0.0,0.67535,0.0
OGLE-2019-BLG-0299 b,6.22,3.67,3.8,0.0,0.0,0.67535,0.0
OGLE-2019-BLG-0304 b,0.51,0.23,0.51,0.0,0.0,0.67535,0.0
OGLE-2019-BLG-0362 b,3.3,4.6,4.6,0.0,0.0,0.67535,0.0
OGLE-2019-BLG-0468L b,3.43,1.17,1.83,0.0,0.0,0.67535,0.0
OGLE-2019-BLG-0468L c,10.22,3.3,5.46,0.0,0.0,0.67535,0.0
OGLE-2019-BLG-0679 b,3.34,1.9,1.9,0.0,0.0,0.67535,0.0
OGLE-2019-BLG-0960 b,0.00708,0.0025,0.0025,0.0,0.0,0.67535,0.0
OGLE-2019-BLG-1053L b,0.0078,0.003,0.0038,0.0,0.0,0.67535,0.0
OGLE-2019-BLG-1180L b,1.75,0.51,0.53,0.0,0.0,0.67535,0.0
OGLE-2019-BLG-1470L (AB)b,2.2,1.3,1.8,0.0,0.0,0.67535,0.0
OGLE-2019-BLG-1492 b,0.1167,0.0614,0.079,0.0,0.0,0.67535,0.0
OGLE-2023-BLG-0836L (AB)b,4.36,2.2,2.35,0.0,0.0,0.67535,0.0
OGLE2-TR-L9 b,4.34,1.48,1.48,0.0,0.0,1.614,0.083
OGLE-GD-ECL-11388 (AB)b,12.5,0.0,0.0,0.0,0.0,0.67535,0.0
OGLE-TR-10 b,0.68,0.15,0.15,0.0,0.0,1.72,0.11
OGLE-TR-111 b,0.54,0.1,0.1,0.0,0.0,1.077,0.075
OGLE-TR-113 b,1.24,0.17,0.17,0.0,0.0,1.11,0.05
OGLE-TR-132 b,1.17,0.14,0.14,0.0,0.0,1.23,0.07
OGLE-TR-182 b,1.06,0.15,0.15,0.0,0.0,1.47,0.14
OGLE-TR-211 b,0.75,0.15,0.15,0.0,0.0,1.26,0.09
OGLE-TR-56 b,1.3,0.08,0.08,0.0,0.0,1.2,0.17
ome Cen-H b,11.5,0.5,0.5,0.5,0.5,0.67535,0.0
ome Ser Ab,1.7,0.0,0.0,0.0,0.0,0.67535,0.0
omi CrB b,1.5,0.0,0.0,0.0,0.0,0.67535,0.0
omi UMa Ab,4.1,0.0,0.0,0.0,0.0,0.67535,0.0
OY Car b,8.48,0.02,0.02,0.0,0.0,0.67535,0.0
PDS 70 b,7.0,2.0,2.0,0.0,0.0,0.67535,0.0
PDS 70 c,4.4,1.1,1.1,0.0,0.0,0.67535,0.0
pi2 UMa b,7.1,1.6,1.6,1.6,1.6,0.67535,0.0
pi Men b,12.6,2.0,2.0,0.24,0.24,0.67535,0.0
pi Men c,0.01142,0.0012,0.0012,0.0,0.0,0.16719,0.004532
pi Men d,0.0421,0.00425,0.00425,0.00425,0.00425,0.67535,0.0
PM J17083-2548S (AB)b,7.3,0.7,0.7,0.7,0.7,0.67535,0.0
Pollux b,2.9,0.1,0.1,0.1,0.1,0.67535,0.0
POTS-1 b,2.31,0.77,0.77,0.0,0.0,0.941,0.047
Pr 0201 b,0.54,0.039,0.039,0.039,0.039,0.67535,0.0
Pr 0211 Ab,1.88,0.02,0.02,0.02,0.02,0.67535,0.0
Pr 0211 Ac,7.95,0.25,0.25,0.25,0.25,0.67535,0.0
Proxima Centauri b,0.00337,0.00019,0.00019,0.00019,0.00019,0.67535,0.0
Proxima Centauri d,0.00082,0.000267,0.000267,0.000267,0.000267,0.67535,0.0
psi1 Aqr Ab,3.2,0.0,0.0,0.0,0.0,0.67535,0.0
psi1 Dra Bb,1.53,0.1,0.1,0.1,0.1,0.67535,0.0
PSR 1719-14 b,1.0,0.0,0.0,0.0,0.0,0.4,0.4
PSR B0329+54 b,0.0062,0.0006,0.0006,0.0006,0.0006,0.67535,0.0
PSR B0943+10 b,2.8,0.0,0.0,0.0,0.0,0.67535,0.0
PSR B0943+10 c,2.6,0.0,0.0,0.0,0.0,0.67535,0.0
PSR B1257+12 c,0.013,0.0,0.0,0.0,0.0,0.67535,0.0
PSR B1257+12 d,0.012,0.0006,0.0006,0.0,0.0,0.67535,0.0
PSR B1620-26 (AB)b,2.5,1.0,1.0,0.0,0.0,0.67535,0.0
PSR B1802-07 b,10.0,0.0,0.0,0.0,0.0,0.67535,0.0
PSR J0312-0921 b,10.47,0.0,0.0,0.0,0.0,0.67535,0.0
PSR J0636+5129	b,8.5,0.0,0.0,0.0,0.0,0.74,0.136
PSR J1211-0633 b,10.0,0.0,0.0,0.0,0.0,0.67535,0.0
PSR J1311-3430 b,12.0,0.6,0.6,0.0,0.0,0.67535,0.0
PSR J1630+3550 b,11.3,1.5,1.5,1.5,1.5,0.67535,0.0
PSR J1748-2021H,7.54,0.0,0.0,0.0,0.0,0.67535,0.0
PSR J1807-2459 A b,9.4,0.0,0.0,0.0,0.0,0.67535,0.0
PSR J1824-2452G b,11.0,0.0,0.0,0.0,0.0,0.67535,0.0
PSR J1824-2452M b,11.0,0.0,0.0,0.0,0.0,0.67535,0.0
PSR J1928+1245 b,11.0,2.0,2.0,2.0,2.0,0.67535,0.0
PSR J2241-5236 b,12.0,0.0,0.0,0.0,0.0,0.67535,0.0
PSR J2322-2650 b,0.7949,0.0002,0.0002,0.0002,0.0002,0.67535,0.0
Qatar-10 b,0.736,0.09,0.09,0.0,0.0,1.534,0.4
Qatar-1 Ab,1.294,0.049,0.05,0.0,0.0,1.143,0.025
Qatar-2 b,2.494,0.054,0.054,0.0,0.0,1.254,0.013
Qatar-3 Ab,4.31,0.47,0.47,0.0,0.0,1.096,0.14
Qatar-4 b,5.85,0.47,0.47,0.0,0.0,1.552,0.057
Qatar-5 b,4.32,0.18,0.18,0.0,0.0,1.107,0.064
Qatar-6 Ab,0.668,0.066,0.066,0.0,0.0,1.062,0.07
Qatar-7 b,1.88,0.25,0.25,0.0,0.0,1.7,0.03
Qatar-8 b,0.371,0.062,0.062,0.0,0.0,1.285,0.022
Qatar-9 b,1.19,0.16,0.16,0.0,0.0,1.009,0.014
QZ Ser b,0.63,0.0,0.0,0.0,0.0,0.67535,0.0
rho CrB b,1.04,0.0,0.0,0.023,0.023,0.67535,0.0
rho Crb c,0.0887,0.0047,0.0047,0.0047,0.0047,0.67535,0.0
rho Crb d,0.068,0.0079,0.0079,0.0079,0.0079,0.67535,0.0
rho Crb e,0.01192,0.0017,0.0017,0.0017,0.0017,0.67535,0.0
rho Ind b,1.82,0.0,0.0,0.0,0.0,0.67535,0.0
Ross 128 b,0.0044,0.00066,0.00066,0.00066,0.00066,0.67535,0.0
Ross 458 (AB)b,11.3,4.5,4.5,0.0,0.0,1.07,0.07
Ross 508 b,0.01249,0.0019,0.0019,0.0019,0.0019,0.67535,0.0
ROXs 42B (AB)b,9.0,3.0,3.0,0.0,0.0,2.5,0.0
RR Cae (AB) b,3.0,0.3,0.3,0.3,0.3,0.67535,0.0
S1429 b,1.8,0.2,0.2,0.2,0.2,0.67535,0.0
Sand 178 b,10.4,5.03,3.94,5.03,3.94,0.67535,0.0
SDSS J1208+3550 b,9.5,0.0,0.0,0.0,0.0,0.67535,0.0
SDSS J1212+0136 b,50.0,0.0,0.0,0.0,0.0,1.0,0.0
SDSS J1730+5545 b,6.0,0.0,0.0,0.0,0.0,0.67535,0.0
S Ori 68,5.0,0.0,0.0,0.0,0.0,0.67535,0.0
SWEEPS-04 b,3.8,0.0,0.0,0.0,0.0,0.81,0.1
SWEEPS-11 b,9.7,5.6,5.6,0.0,0.0,1.13,0.21
SWIFT J1756-2508 b,7.8,1.3,1.3,1.3,1.3,0.67535,0.0
TAP 26 b,1.73,0.27,0.27,0.27,0.27,0.67535,0.0
tau1 Gru b,1.26,0.13,0.13,0.13,0.13,0.67535,0.0
tau Boo Ab,5.78,0.47,0.66,0.14,0.14,1.06,0.0
tau Cet e,0.0124,0.002,0.0026,0.002,0.0026,0.67535,0.0
tau Cet f,0.0124,0.00431,0.0033,0.00431,0.0033,0.67535,0.0
tau Cet g,0.00551,0.0013,0.00079,0.0013,0.00079,0.67535,0.0
tau Cet h,0.00576,0.00082,0.0021,0.00082,0.0021,0.67535,0.0
TCP J050742+244755 b,0.06,0.009,0.009,0.0,0.0,0.67535,0.0
Teegarden's b,0.00365,0.00038,0.00038,0.00038,0.00038,0.67535,0.0
Teegarden's c,0.0033,0.00044,0.00044,0.00044,0.00044,0.67535,0.0
Teegarden's d,0.00258,0.00053,0.00053,0.00053,0.00053,0.67535,0.0
TIC 139270665 b,0.463,0.046,0.046,0.0,0.0,0.645,0.024
TIC 139270665 c,4.89,0.37,0.66,0.37,0.66,0.67535,0.0
TIC 172900988 (AB)b,2.84,0.25,0.25,0.0,0.0,0.9876,0.0419
TIC 237913194 b,1.942,0.002,0.002,0.0,0.0,1.117,0.047
TIC 241249530 b,4.98,0.18,0.18,0.0,0.0,1.19,0.04
TIC 279401253 b,6.14,0.4,0.4,0.0,0.0,1.0,0.04
TIC 279401253 c,8.2,0.18,0.18,0.18,0.18,0.67535,0.0
TIC 365102760 b,0.0604,0.0132,0.0132,0.0,0.0,0.554,0.0678
TIC 434398831 b,0.0208,0.0047,0.0035,0.0,0.0,0.3131,0.0196
TIC 434398831 c,0.0227,0.0035,0.0035,0.0,0.0,0.5023,0.0259
TIC 46432937 b,3.2,0.11,0.11,0.0,0.0,1.188,0.03
TIC 4672985,12.74,1.0,1.0,0.0,0.0,1.026,0.067
TOI-1011 b,0.01271,0.00186,0.00186,0.0,0.0,0.1294,0.0045
TOI-1052 Ab,0.0532,0.0053,0.0053,0.0,0.0,0.256,0.0259
TOI-1062 b,0.032,0.00271,0.00258,0.0,0.0,0.20198,0.00812
TOI-1062 c,0.0236,0.005,0.005,0.005,0.005,0.67535,0.0
TOI-1064 b,0.0425,0.0057,0.0057,0.0,0.0,0.2308,0.00384
TOI-1064 c,0.0079,0.006,0.0057,0.0,0.0,0.23651,0.00384
TOI-1075 b,0.03131,0.0041,0.00428,0.0,0.0,0.15978,0.0071
TOI-1107 b,3.35,0.18,0.18,0.0,0.0,1.3,0.05
TOI-1117 b,0.028,0.00302,0.00299,0.0,0.0,0.2195,0.0107
TOI-1117 c,0.02762,0.00381,0.00374,0.00381,0.00374,0.67535,0.0
TOI-1117 d,0.0368,0.0079,0.0079,0.0079,0.0079,0.67535,0.0
TOI-1130 b,0.0623,0.0009,0.0009,0.0,0.0,0.3265,0.0036
TOI-1130 c,1.057,0.016,0.006,0.0,0.0,1.16,0.036
TOI-1135 b,0.06428,0.031,0.031,0.0,0.0,0.8,0.018
TOI-1136 b,0.011,0.0025,0.0025,0.0,0.0,0.17,0.0134
TOI-1136 c,0.01988,0.0041,0.0035,0.0,0.0,0.25685,0.00553
TOI-1136 d,0.02627,0.005,0.0057,0.0,0.0,0.4128,0.00642
TOI-1136 e,0.0191,0.0035,0.0035,0.0,0.0,0.23544,0.00785
TOI-1136 f,0.02586,0.0076,0.0088,0.0,0.0,0.3462,0.0098
TOI-1136 g,0.038,0.0164,0.0164,0.0,0.0,0.2257,0.0107
TOI-1173 Ab,0.0821,0.006,0.006,0.0,0.0,0.723,0.0152
TOI-1174 b,0.101,0.101,0.0,0.0,0.0,0.2105,0.0152
TOI-1180 b,0.031,0.017,0.017,0.0,0.0,0.67535,0.0
TOI-1181 b,1.18,0.14,0.14,0.0,0.0,1.3,0.08
TOI-1184 b,0.0214,0.0072,0.0072,0.0,0.0,0.215,0.0125
TOI-1194 b,0.456,0.05,0.055,0.0,0.0,0.767,0.04
TOI-1199 b,0.239,0.02,0.02,0.0,0.0,0.938,0.025
TOI-1201 Ab,0.01976,0.00277,0.00277,0.0,0.0,0.21545,0.008
TOI-1221 b,3.5,3.5,0.0,0.0,0.0,0.2596,0.0116
TOI-122 b,0.0277,0.0098,0.028,0.0,0.0,0.2427,0.0161
TOI-1231 b,0.0485,0.0104,0.0104,0.0,0.0,0.3256,0.0143
TOI-1235 b,0.0186,0.00195,0.00195,0.0,0.0,0.15113,0.0071
TOI-1238 b,0.01183,0.00337,0.00362,0.0,0.0,0.1079,0.0
TOI-1238 c,0.02618,0.006,0.006,0.0,0.0,0.1882,0.0125
TOI-1244 b,0.0208,0.012,0.012,0.0,0.0,0.2025,0.071
TOI-1246 Ab,0.0255,0.0035,0.0035,0.0,0.0,0.2685,0.0054
TOI-1246 Ac,0.0277,0.0038,0.0038,0.0,0.0,0.2239,0.0071
TOI-1246 Ad,0.0167,0.0053,0.0053,0.0,0.0,0.3131,0.008
TOI-1246 Ae,0.0466,0.0072,0.0072,0.0,0.0,0.3372,0.0143
TOI-1247 b,0.0179,0.0066,0.0066,0.0,0.0,0.2239,0.0125
TOI-1248 Ab,0.0862,0.0113,0.0113,0.0,0.0,0.607,0.009
TOI-1249 b,0.0374,0.0164,0.0164,0.0,0.0,0.2899,0.018
TOI-1259 Ab,0.441,0.049,0.049,0.0,0.0,1.022,0.03
TOI-125 b,0.0299,0.00277,0.00277,0.0,0.0,0.2432,0.00669
TOI-125 c,0.02086,0.00311,0.00311,0.0,0.0,0.24614,0.009
TOI-125 d,0.0428,0.0038,0.0038,0.0,0.0,0.2614,0.0152
TOI-1260 b,0.02693,0.00485,0.00485,0.0,0.0,0.215,0.0045
TOI-1260 c,0.0415,0.01331,0.01331,0.0,0.0,0.2462,0.0062
TOI-1260 d,0.03725,0.0245,0.0245,0.0,0.0,0.2783,0.0071
TOI-1266 b,0.01381,0.00145,0.00145,0.0,0.0,0.2337,0.0098
TOI-1266 c,0.00934,0.00173,0.00173,0.0,0.0,0.19,0.0107
TOI-1266 d,0.01158,0.00349,0.0033,0.00349,0.0033,0.67535,0.0
TOI-1268 b,0.29,0.04,0.04,0.0,0.0,0.82,0.06
TOI-1269 b,0.0201,0.009,0.009,0.0,0.0,0.2025,0.0125
TOI-1272 b,0.0774,0.0072,0.0072,0.0,0.0,0.3693,0.0187
TOI-1272 c,0.084,0.0098,0.0098,0.0098,0.0098,0.67535,0.0
TOI-1273 b,0.222,0.015,0.015,0.0,0.0,0.99,0.22
TOI-1279 b,0.0334,0.0079,0.0079,0.0,0.0,0.2373,0.0098
TOI-1288 b,0.132,0.009,0.009,0.0,0.0,0.4675,0.008
TOI-1288 c,0.2665,0.022,0.022,0.022,0.022,0.67535,0.0
TOI-1294 b,0.1957,0.016,0.016,0.0,0.0,0.8199,0.0277
TOI-1294 c,0.4666,0.053,0.053,0.0,0.0,0.67535,0.0
TOI-1295 b,1.42,0.08,0.08,0.0,0.0,1.4,0.08
TOI-1296 b,0.298,0.039,0.039,0.039,0.039,1.231,0.031
TOI-1298 b,0.356,0.032,0.032,0.0,0.0,0.841,0.021
TOI-132 Ab,0.0705,0.00604,0.006,0.0,0.0,0.3051,0.0125
TOI-1333 Ab,2.37,0.24,0.24,0.0,0.0,1.396,0.056
TOI-1338 (AB)b,0.069,0.069,0.0,0.066,0.0028,0.5986,0.0303
TOI-1338 (AB)c,0.2051,0.0371,0.0371,0.0371,0.0371,0.67535,0.0
TOI-1347 b,0.0384,0.005,0.005,0.0,0.0,0.161,0.009
TOI-1347 c,0.0088,0.0072,0.0072,0.0,0.0,0.143,0.009
TOI-1386 b,0.148,0.019,0.019,0.0,0.0,0.54,0.018
TOI-1386 c,0.31,0.04,0.04,0.04,0.04,0.67535,0.0
TOI-139 b,6.6119,0.0,0.0,0.0,0.0,0.2192,0.01106
TOI-1408 b,1.69,0.2,0.2,0.0,0.0,1.5,0.0
TOI-1408 c,0.0239,0.0006,0.0006,0.0,0.0,0.1981,0.0054
TOI-1410 Ab,0.03338,0.0,0.0,0.0,0.0,0.289359,0.0107
TOI-1410 Ac,0.085,0.0104,0.0104,0.0104,0.0104,0.67535,0.0
TOI-1411 Ab,0.0063,0.0035,0.0038,0.0,0.0,0.1213,0.0143
TOI-1416 b,0.01095,0.00148,0.00148,0.0,0.0,0.1445,0.0071
TOI-1416 c,0.068,0.0088,0.0,0.0088,0.0098,0.67535,0.0
TOI-1420 b,0.079,0.012,0.012,0.0,0.0,1.0608,0.0294
TOI-1422 b,0.028,0.006,0.006,0.0,0.0,0.3533,0.0009
TOI-1422 c,0.0349,0.0082,0.0082,0.0082,0.0082,0.67535,0.0
TOI-1430 b,0.01306,0.0025,0.0025,0.0,0.0,0.1766,0.0062
TOI-1431 b,3.14,0.19,0.19,0.0,0.0,1.508,0.062
TOI-1437 b,0.0302,0.0104,0.0123,0.0,0.0,0.1998,0.0205
TOI-1439 b,0.1211,0.0179,0.0179,0.0,0.0,0.3256,0.018
TOI-1442 b,0.005,0.0016,0.0035,0.0,0.0,0.1044,0.0054
TOI-1443 b,0.094,0.094,0.0,0.0,0.0,0.196,0.0125
TOI-1444 b,0.01218,0.00223,0.00223,0.0,0.0,0.12463,0.00571
TOI-1444 c,11.8,2.9,2.9,2.9,2.9,0.67535,0.0
TOI-1448 b,0.0614,0.0614,0.0,0.0,0.0,0.2453,0.00562
TOI-1450 Ab,0.00396,0.00041,0.00041,0.0,0.0,0.1008,0.00393
TOI-1450 Ac,0.00481,0.00057,0.00057,0.00057,0.00057,0.67535,0.0
TOI-1451 b,0.0478,0.0088,0.0088,0.0,0.0,0.2329,0.009
TOI-1452 Ab,0.01517,0.0041,0.0041,0.0,0.0,0.14917,0.00633
TOI-1453 Ab,0.0039,0.0022,0.0022,0.0,0.0,0.1044,0.0054
TOI-1453 Ac,0.00928,0.0025,0.0025,0.0,0.0,0.1981,0.0009
TOI-1467 b,0.028,0.028,0.0,0.0,0.0,0.1633,0.0143
TOI-1468 b,0.0101,0.00076,0.00076,0.0,0.0,0.1142,0.00348
TOI-1468 c,0.02089,0.00214,0.00214,0.0,0.0,0.18414,0.00393
TOI-1470 b,0.02303,0.0039,0.0039,0.0,0.0,0.1945,0.0036
TOI-1470 c,0.02278,0.00872,0.00903,0.0,0.0,0.2204,0.0018
TOI-1471 b,0.031,0.0098,0.0098,0.0,0.0,0.348,0.00393
TOI-1471 c,0.0576,0.0573,0.0053,0.0,0.0,0.29824,0.00348
TOI-1472 b,0.0519,0.016,0.016,0.0,0.0,0.3711,0.0116
TOI-1473 Ab,0.034,0.0085,0.0085,0.0,0.0,0.2186,0.008
TOI-1478 b,0.847,0.048,0.052,0.0,0.0,1.06,0.04
TOI-150 b,2.51,0.12,0.12,0.0,0.0,1.255,0.019
TOI-1516 Ab,3.16,0.12,0.12,0.0,0.0,1.36,0.03
TOI-1518 b,1.83,0.47,0.47,0.0,0.0,1.878,0.042
TOI-157 b,1.18,0.13,0.13,0.0,0.0,1.286,0.002
TOI-1601 b,0.99,0.11,0.11,0.0,0.0,1.239,0.039
TOI-1605 b,0.6963,0.0242,0.0242,0.0,0.0,0.9225,0.0571
TOI-1634 Ab,0.01545,0.0022,0.0022,0.0,0.0,0.1597,0.00723
TOI-163 b,1.22,0.12,0.12,0.0,0.0,1.489,0.034
TOI-1669 b,0.0132,0.0085,0.0085,0.0,0.0,0.214,0.0161
TOI-1669 c,0.602,0.078,0.078,0.078,0.078,0.67535,0.0
TOI-1670 b,0.0434,0.0274,0.0299,0.0,0.0,0.1838,0.0134
TOI-1670 c,0.58,0.055,0.06,0.0,0.0,0.97,0.023
TOI-1680 b,0.01001,0.0022,0.0035,0.0,0.0,0.13079,0.00437
TOI-1683 b,0.025,0.006,0.006,0.0,0.0,0.232,0.027
TOI-1685 b,0.00966,0.0009,0.0009,0.0,0.0,0.1267,0.0054
TOI-1691 b,0.0459,0.017,0.017,0.0,0.0,0.2614,0.0143
TOI-1693 b,0.0088,0.003,0.0069,0.0,0.0,0.1258,0.009
TOI-1694 b,0.0809,0.0,0.0,0.0,0.0,0.48702,0.071
TOI-1694 c,0.929,0.037,0.037,0.037,0.037,0.67535,0.0
TOI-1695 b,0.0182,0.0016,0.0016,0.0,0.0,0.17,0.0143
TOI-1696 b,0.1787,0.1787,0.0,0.0,0.0,0.2891,0.0107
TOI-169 b,0.791,0.06,0.064,0.0,0.0,1.086,0.048
TOI-1710 Ab,0.0579,0.0148,0.0148,0.0,0.0,0.4595,0.0107
TOI-1716 b,0.0151,0.0066,0.0066,0.0,0.0,0.2471,0.0161
TOI-1723 b,0.0327,0.0151,0.0164,0.0,0.0,0.27,0.0152
TOI-1728 b,0.08426,0.01614,0.01708,0.0,0.0,0.4505,0.0152
TOI-172 Ab,5.41,0.2,0.2,0.0,0.0,0.965,0.033
TOI-1736 Ab,0.0374,0.005,0.005,0.0,0.0,0.2721,0.017
TOI-1736 Ac,8.26,0.39,0.39,0.39,0.39,0.67535,0.0
TOI-1739 b,0.013,0.0047,0.0085,0.0,0.0,0.15122,0.00758
TOI-1742 b,0.0305,0.006,0.006,0.0,0.0,0.2114,0.0045
TOI-1749 Ab,0.06,0.041,0.069,0.0,0.0,0.124,0.018
TOI-1749 Ac,0.0066,0.005,0.0179,0.0,0.0,0.1891,0.0107
TOI-1749 d,0.0135,0.011,0.0195,0.0,0.0,0.2248,0.0134
TOI-1751 b,0.0538,0.0101,0.0101,0.0,0.0,0.2489,0.0259
TOI-1753 b,0.0522,0.0164,0.0164,0.0,0.0,0.2088,0.0054
TOI-1758 b,0.0217,0.0198,0.0198,0.0,0.0,0.303,0.018
TOI-1759 Ab,0.0214,0.006,0.006,0.0,0.0,0.273,0.0196
TOI-1775 b,0.302,0.047,0.047,0.0,0.0,0.776,0.045
TOI-1776 b,0.0044,0.003,0.0035,0.0,0.0,0.125,0.125
TOI-1778 b,0.02637,0.00415,0.00415,0.0,0.0,0.24133,0.0071
TOI-1789 b,0.7,0.16,0.16,0.0,0.0,1.4,0.13
TOI-178 b,0.00472,0.00138,0.00123,0.0,0.0,0.10278,0.006629
TOI-178 c,0.01501,0.00214,0.00173,0.0,0.0,0.1489,0.00883
TOI-178 d,0.00947,0.00289,0.00227,0.0,0.0,0.22946,0.00696
TOI-178 e,0.01214,0.00299,0.00337,0.0,0.0,0.1969,0.008
TOI-178 f,0.02429,0.00478,0.00525,0.0,0.0,0.20403,0.0098
TOI-178 g,0.0124,0.0051,0.00412,0.0,0.0,0.256,0.0116
TOI-1794 b,0.0274,0.0129,0.0129,0.0,0.0,0.27,0.018
TOI-1798 b,0.0205,0.006,0.006,0.0,0.0,0.2462,0.009
TOI-1798 c,0.0176,0.0025,0.0025,0.0,0.0,0.125,0.0062
TOI-1799 b,0.013,0.0057,0.0057,0.0,0.0,0.1445,0.303
TOI-179 Ab,0.0758,0.0242,0.0223,0.0,0.0,0.2436,0.0045
TOI-1801 Ab,0.018214,0.00362,0.00362,0.0,0.0,0.1865,0.0054
TOI-1803 b,0.0324,0.0079,0.0079,0.0,0.0,0.2668,0.0071
TOI-1803 c,0.019,0.009,0.009,0.0,0.0,0.3827,0.0071
TOI-1807 b,0.00809,0.0016,0.0016,0.0,0.0,0.1222,0.009
TOI-1811 b,0.974,0.076,0.076,0.0,0.0,1.0,0.026
TOI-181 b,0.13,0.02,0.01,0.0,0.0,0.6183,0.009
TOI-1820 Ab,2.3,0.0,0.0,0.0,0.0,1.12,0.02
TOI-1823 b,0.2121,0.0258,0.0258,0.0,0.0,0.6727,0.0223
TOI-1824 Ab,0.0582,0.0101,0.0101,0.0,0.0,0.2346,0.0134
TOI-1828 b,0.1841,0.012,0.012,0.0,0.0,0.769,0.017
TOI-1836 Ab,0.092,0.015,0.015,0.0,0.0,0.78188,0.00161
TOI-1836 Ac,0.025,0.0,0.0,0.0,0.0,0.232,0.01285
TOI-1842 b,0.214,0.04,0.04,0.0,0.0,1.04,0.06
TOI-1853 b,0.040571,0.0,0.0,0.0,0.0,0.324465,0.01646
TOI-1855 Ab,1.133,0.096,0.096,0.0,0.0,1.65,0.37
TOI-1860 Ab,0.0069,0.0022,0.0041,0.0,0.0,0.1169,0.0036
TOI-1885 b,1.6248,0.1029,0.1029,0.0,0.0,1.2187,0.0366
TOI-1899 b,0.67,0.04,0.04,0.0,0.0,0.99,0.03
TOI-1937 Ab,2.01,0.17,0.17,0.0,0.0,1.247,0.062
TOI-199 Ab,0.17,0.02,0.02,0.0,0.0,0.81,0.005
TOI-199 Ac,0.28,0.02,0.02,0.02,0.02,0.67535,0.0
TOI-2000 b,0.0324,0.0069,0.0069,0.0,0.0,0.2355,0.0107
TOI-2000 c,0.2382,0.012,0.012,0.0,0.0,0.711,0.0107
TOI-2005 b,6.4,6.4,0.0,0.0,0.0,1.07,0.1
TOI-2010 Ab,1.286,0.057,0.057,0.0,0.0,1.054,0.027
TOI-2015 b,0.0289,0.0011,0.0011,0.0,0.0,0.2953,0.0009
TOI-2015 c,0.028,0.0013,0.0013,0.0013,0.0013,0.67535,0.0
TOI-2018 b,0.0289,0.0066,0.0066,0.0,0.0,0.2025,0.0062
TOI-2018 c,0.0113,0.011,0.0,0.0,0.0,0.1374,0.0125
TOI-2019 b,0.1089,0.0132,0.0132,0.0,0.0,0.505,0.025
TOI-201 b,0.42,0.03,0.05,0.0,0.0,1.0,0.015
TOI-2025 b,4.4,0.4,0.4,0.0,0.0,1.12,0.01
TOI-2045 b,0.6639,0.063,0.066,0.0,0.0,1.1316,0.0631
TOI-2046 b,2.3,0.28,0.28,0.0,0.0,1.44,0.11
TOI-2068 Ab,0.0138,0.005,0.0101,0.0,0.0,0.1624,0.0134
TOI-206 b,0.0069,0.0022,0.0041,0.0,0.0,0.116,0.0045
TOI-2076 b,0.0107,0.0057,0.0057,0.0,0.0,0.2266,0.0036
TOI-2076 c,0.0145,0.0072,0.0072,0.0,0.0,0.2989,0.0045
TOI-2076 d,0.023,0.0088,0.0088,0.0,0.0,0.2935,0.0054
TOI-2081 b,0.016,0.0076,0.0151,0.0,0.0,0.182,0.0482
TOI-2084 Ab,0.02121,0.0088,0.0167,0.0,0.0,0.2204,0.0116
TOI-2088 b,0.116,0.116,0.0,0.0,0.0,0.3283,0.0125
TOI-2095 b,0.0129,0.0129,0.0,0.0,0.0,0.1115,0.0062
TOI-2095 c,0.0233,0.0233,0.0,0.0,0.0,0.1187,0.0071
TOI-2096 b,0.006,0.0019,0.0044,0.0,0.0,0.11089,0.00687
TOI-2096 c,0.0145,0.0057,0.011,0.0,0.0,0.17076,0.00848
TOI-2107 b,0.83,0.11,0.11,0.0,0.0,1.211,0.035
TOI-2109 b,5.02,0.75,0.75,0.0,0.0,1.347,0.047
TOI-2120 b,0.0214,0.0214,0.0,0.0,0.0,0.18931,0.0058
TOI-2128 Ab,0.0142,0.006,0.006,0.0,0.0,0.2346,0.0134
TOI-2134 b,0.02873,0.00245,0.00245,0.0,0.0,0.24,0.0143
TOI-2134 c,0.1318,0.0245,0.0245,0.0,0.0,0.6486,0.0375
TOI-2136 b,0.0148,0.0082,0.0098,0.0,0.0,0.1865,0.0071
TOI-2141 b,0.076,0.013,0.013,0.0,0.0,0.2721,0.0205
TOI-2145 b,5.52,0.35,0.35,0.0,0.0,1.098,0.003
TOI-2152 Ab,2.83,0.38,0.38,0.0,0.0,1.281,0.05
TOI-2154 b,0.92,0.19,0.19,0.0,0.0,1.453,0.048
TOI-2158 b,0.82,0.08,0.08,0.0,0.0,0.96,0.012
TOI-216 b,0.0558,0.002,0.002,0.0,0.0,0.6861,0.074
TOI-216 c,0.528,0.02,0.02,0.0,0.0,0.901,0.018
TOI-2180 b,2.755,0.08,0.08,0.0,0.0,1.01,0.019
TOI-2184 b,0.65,0.16,0.16,0.0,0.0,1.017,0.051
TOI-2193 Ab,0.94,0.18,0.18,0.0,0.0,1.77,0.22
TOI-2194 b,0.0145456,0.0,0.0,0.0,0.0,0.177466,0.00596
TOI-2196 b,0.082,0.0041,0.0041,0.0,0.0,0.3131,0.0134
TOI-2202 b,0.978,0.059,0.063,0.0,0.0,1.0,0.08
TOI-2202 c,0.369,0.084,0.1,0.0,0.0,0.67535,0.0
TOI-2207 b,0.64,0.12,0.12,0.0,0.0,0.995,0.028
TOI-220 b,0.0428,0.0038,0.0038,0.0,0.0,0.2694,0.0152
TOI-2236 b,1.58,0.4,0.4,0.0,0.0,1.282,0.032
TOI-2257 b,0.0179,0.0072,0.0135,0.0,0.0,0.19574,0.0098
TOI-2260 b,0.011,0.0041,0.0079,0.0,0.0,0.1445,0.0116
TOI-2285 b,0.0614,0.0614,0.0,0.0,0.0,0.1552,0.0071
TOI-2290 b,0.005,0.0019,0.0044,0.0,0.0,0.1044,0.0062
TOI-2295 b,0.875,0.04,0.04,0.0,0.0,1.47,0.5
TOI-2295 c,5.6,0.2,0.2,0.2,0.2,0.67535,0.0
TOI-2328 Ab,0.16,0.02,0.02,0.0,0.0,0.89,0.04
TOI-2337 b,1.0,0.15,0.15,0.0,0.0,0.9,0.1
TOI-2338 b,5.98,0.21,0.21,0.0,0.0,1.0,0.2
TOI-2364 b,0.225,0.049,0.049,0.0,0.0,0.768,0.02
TOI-2368 b,0.65,0.18,0.18,0.0,0.0,0.967,0.03
TOI-2373 b,9.3,0.2,0.2,0.0,0.0,0.93,0.02
TOI-2374 Bb,0.17821,0.0135,0.011,0.0,0.0,0.607,0.027
TOI-2379 b,5.76,0.2,0.2,0.0,0.0,1.046,0.023
TOI-237 b,0.009,0.003,0.006,0.0,0.0,0.1285,0.0107
TOI-2384 Ab,1.966,0.06,0.06,0.0,0.0,1.025,0.02
TOI-238 b,0.0106,0.00154,0.00154,0.0,0.0,0.13909,0.00419
TOI-238 c,0.0211,0.0035,0.0035,0.0,0.0,0.1945,0.0161
TOI-2406 b,0.0286,0.013,0.0223,0.0,0.0,0.2623,0.0152
TOI-2407 b,0.053,0.006,0.006,0.0,0.0,0.3801,0.0232
TOI-2411 b,0.0123,0.0047,0.0072,0.0,0.0,0.1499,0.0098
TOI-2416 b,3.0,0.1,0.1,0.0,0.0,0.88,0.02
TOI-2420 b,0.93,0.08,0.08,0.0,0.0,1.34,0.07
TOI-2421 b,0.333,0.079,0.079,0.0,0.0,0.925,0.034
TOI-2427 b,0.0179,0.0016,0.0016,0.0,0.0,0.1463,0.0107
TOI-2427 c,0.02033,0.0025,0.0025,0.0025,0.0025,0.67535,0.0
TOI-2443 b,0.01284,0.0035,0.0035,0.0,0.0,0.2105,0.00589
TOI-2443 c,0.0293,0.006,0.006,0.006,0.006,0.67535,0.0
TOI-2445 b,0.006,0.0013,0.0013,0.0,0.0,0.12267,0.00045
TOI-2458 b,0.04188,0.0,0.0,0.0,0.0,0.2525,0.018
TOI-2458 c,0.03216,0.006,0.00538,0.006,0.00538,0.67535,0.0
TOI-2459 Bb,0.02847,0.0,0.0,0.0,0.0,0.2632,0.00589
TOI-2485 b,2.41,0.09,0.09,0.0,0.0,1.08,0.04
TOI-2497 b,5.21,0.52,0.52,0.0,0.0,1.0,0.04
TOI-2498 b,0.10893,0.0129,0.0129,0.0,0.0,0.5406,0.0259
TOI-251 b,1.0,1.0,0.0,0.0,0.0,0.2444,0.0161
TOI-2524 b,0.64,0.04,0.04,0.0,0.0,1.0,0.03
TOI-2525 b,0.084,0.005,0.005,0.0,0.0,0.774,0.01
TOI-2525 c,0.657,0.32,0.32,0.0,0.0,0.904,0.01
TOI-2529 b,2.34,0.2,0.2,0.0,0.0,1.03,0.05
TOI-2537 b,1.3,0.09,0.09,0.0,0.0,1.0,0.06
TOI-2537 c,1.3,0.09,0.09,0.09,0.09,0.67535,0.0
TOI-2567 b,0.201,0.031,0.034,0.0,0.0,0.975,0.02
TOI-2570 b,0.82,0.065,0.063,0.0,0.0,1.217,0.034
TOI-257 b,0.134,0.023,0.023,0.0,0.0,0.626,0.013
TOI-2580 Ab,0.63,0.08,0.08,0.0,0.0,1.55,0.05
TOI-2583 Ab,0.25,0.058,0.058,0.0,0.0,1.29,0.33
TOI-2587 Ab,0.218,0.046,0.054,0.0,0.0,1.077,0.042
TOI-2589 b,3.5,0.1,0.1,0.0,0.0,1.08,0.03
TOI-260 b,0.02961,0.009,0.009,0.0,0.0,0.1454,0.0062
TOI-2641 b,0.366,0.036,0.022,0.0,0.0,1.615,0.64
TOI-2669 b,0.61,0.19,0.19,0.0,0.0,1.76,0.16
TOI-266 b,0.028,0.0053,0.0053,0.0,0.0,0.2284,0.017
TOI-266 c,0.0337,0.0069,0.0069,0.0,0.0,0.2213,0.017
TOI-269 b,0.0277,0.0044,0.0044,0.0,0.0,0.2471,0.0107
TOI-270 b,0.00466,0.00057,0.00057,0.0,0.0,0.11125,0.0074
TOI-270 c,0.0195,0.00098,0.00098,0.0,0.0,0.2079,0.0009
TOI-270 d,0.0132,0.0005,0.0005,0.0,0.0,0.19,0.0107
TOI-2714 b,0.717,0.104,0.104,0.0,0.0,1.224,0.062
TOI-277 Bb,0.0308,0.0,0.0,0.0,0.0,0.27612,0.013159
TOI-2796 b,0.44,0.1,0.1,0.0,0.0,1.59,0.05
TOI-2803 Ab,0.975,0.07,0.083,0.0,0.0,1.616,0.034
TOI-2818 b,0.71,0.26,0.26,0.0,0.0,1.363,0.046
TOI-2842 b,0.37,0.0,0.0,0.0,0.0,1.146,0.051
TOI-286 b,0.01425,0.0025,0.0025,0.0,0.0,0.1267,0.009
TOI-286 c,0.0117,0.00698,0.00698,0.0,0.0,0.1677,0.0107
TOI-2969 b,1.16,0.04,0.04,0.0,0.0,1.1,0.08
TOI-2977 Ab,1.68,0.26,0.26,0.0,0.0,1.174,0.027
TOI-2981 b,2.007,0.104,0.104,0.0,0.0,1.195,0.0375
TOI-2989 b,3.0,0.2,0.2,0.0,0.0,1.12,0.05
TOI-3023 b,0.62,0.1,0.1,0.0,0.0,1.466,0.032
TOI-3071 b,0.2146,0.011,0.011,0.0,0.0,0.6388,0.045
TOI-3082 b,0.0410483,0.0,0.0,0.0,0.0,0.326713,0.012918
TOI-3235 Ab,0.665,0.025,0.025,0.0,0.0,1.017,0.044
TOI-3261 b,0.0953,0.0076,0.0076,0.0,0.0,0.3408,0.0312
TOI-329 b,0.1271,0.0116,0.012,0.0,0.0,0.4211,0.0321
TOI-3321 Ab,0.554,0.076,0.076,0.0,0.0,1.39,0.06
TOI-332 b,0.18,0.005,0.005,0.0,0.0,0.285,0.0098
TOI-3331 b,2.27,0.16,0.16,0.0,0.0,1.158,0.043
TOI-3362 b,4.0,0.04,0.04,0.0,0.0,1.2,0.02
TOI-3364 b,1.67,0.013,0.013,0.0,0.0,1.091,0.038
TOI-3493 b,0.02822,0.0038,0.0038,0.0,0.0,0.2873,0.0071
TOI-3540 b,1.18,0.14,0.14,0.0,0.0,2.1,0.7
TOI-3568 b,0.083,0.003,0.003,0.0,0.0,0.473,0.0241
TOI-3629 b,0.26,0.02,0.02,0.0,0.0,0.74,0.014
TOI-3688 Ab,0.98,0.11,0.11,0.0,0.0,1.167,48.0
TOI-3693 b,1.02,0.24,0.24,0.0,0.0,1.124,0.023
TOI-3714 Ab,0.689,0.03,0.03,0.0,0.0,0.994,0.02
TOI-3757 b,0.2684,0.0277,0.0277,0.0,0.0,1.07,0.045
TOI-3785 b,0.04704,0.01233,0.0129,0.0,0.0,0.4586,0.0143
TOI-3807 b,1.04,0.15,0.15,0.0,0.0,2.0,0.035
TOI-3819 b,1.11,0.2,0.2,0.0,0.0,1.172,0.036
TOI-3837 b,0.59,0.06,0.06,0.0,0.0,0.96,0.05
TOI-3884 b,0.0519,0.0057,0.011,0.0,0.0,0.5629,0.025
TOI-3894 b,0.85,0.15,0.15,0.0,0.0,1.36,0.05
TOI-3912 b,0.406,0.07,0.07,0.0,0.0,1.274,0.04
TOI-3919 b,3.88,0.23,0.23,0.0,0.0,1.1,0.05
TOI-396A b,0.01117,0.00302,0.00302,0.0,0.0,0.178,0.00419
TOI-396A c,0.0028,0.0019,0.00296,0.0,0.0,0.1766,0.00482
TOI-396A d,0.0223,0.005,0.005,0.0,0.0,0.18,0.00571
TOI-3976 b,0.175,0.037,0.037,0.0,0.0,1.095,0.036
TOI-3984 Ab,0.138,0.025,0.0274,0.0,0.0,0.71,0.02
TOI-4010 b,0.035,0.00406,0.00406,0.0,0.0,0.2694,0.0071
TOI-4010 c,0.0639,0.0067,0.0067,0.0,0.0,0.529,0.0107
TOI-4010 d,0.12003,0.01029,0.01029,0.0,0.0,0.5513,0.0134
TOI-4010 e,2.177,0.208,0.208,0.208,0.208,0.67535,0.0
TOI-402 Ab,0.02051,0.0013,0.0013,0.0,0.0,0.1579,0.00285
TOI-402 Ac,0.02136,0.0035,0.0041,0.0,0.0,0.22536,0.00669
TOI-406 b,0.00654,0.00069,0.00072,0.0,0.0,0.1178,0.0107
TOI-406 c,0.02067,0.003,0.003,0.0,0.0,0.1856,0.0143
TOI-4087 b,0.73,0.14,0.14,0.0,0.0,1.164,0.025
TOI-4127 b,2.3,0.11,0.11,0.0,0.0,1.096,0.039
TOI-4137 b,1.01,0.17,0.17,0.0,0.0,1.211,0.04
TOI-4138 b,0.67,0.03,0.03,0.0,0.0,1.49,0.04
TOI-4145 Ab,0.43,0.13,0.13,0.0,0.0,1.187,0.032
TOI-4153 b,1.15,0.18,0.18,0.0,0.0,1.438,0.045
TOI-4184 b,6.6,2.75,5.2,0.0,0.0,0.2168,0.0187
TOI-4201 b,2.589,0.066,0.066,0.0,0.0,1.133,0.024
TOI-421 Ac,0.0444,0.0044,0.0044,0.0,0.0,0.4541,0.0062
TOI-429 b,0.8,0.0,0.0,0.0,0.0,0.8,0.0
TOI-4308 b,0.02029,0.0,0.0,0.0,0.0,0.2159,0.0116
TOI-431 b,0.00966,0.0011,0.0011,0.0,0.0,0.1142,0.0036
TOI-431 c,0.00892,0.00107,0.0,0.00107,0.00129,0.67535,0.0
TOI-431 d,0.0311,0.00469,0.00481,0.0,0.0,0.2935,0.008
TOI-4329 b,0.45,0.09,0.09,0.0,0.0,1.5,0.19
TOI-4377 b,0.957,0.09,0.09,0.0,0.0,1.35,0.08
TOI-4379 b,1.113,0.071,0.071,0.0,0.0,1.489,0.079
TOI-4406 b,0.3,0.03,0.03,0.0,0.0,1.0,0.02
TOI-4438 b,0.017,0.0035,0.0035,0.0,0.0,0.2248,0.0116
TOI-4463 Ab,0.794,0.04,0.04,0.0,0.0,1.183,0.045
TOI-4465 b,5.9,0.0,0.0,0.0,0.0,1.2,0.0
TOI-4479 b,0.0261,0.025,0.013,0.0,0.0,0.2516,0.058
TOI-4481 b,0.006,0.00053,0.00053,0.0,0.0,0.11874,0.00205
TOI-4481 c,0.0182,0.0009,0.0009,0.0009,0.0009,0.67535,0.0
TOI-4515 b,2.0,0.05,0.05,0.0,0.0,1.09,0.04
TOI-4551 b,1.49,0.13,0.13,0.0,0.0,1.06,0.06
TOI-4559 b,0.0085,0.003,0.006,0.0,0.0,0.12624,0.0098
TOI-4562 b,3.29,0.8,1.9,0.0,0.0,1.072,0.044
TOI-4562 c,5.77,0.56,0.37,0.0,0.0,0.67535,0.0
TOI-4582 b,0.53,0.05,0.05,0.0,0.0,0.94,0.12
TOI-4603 b,12.89,0.58,0.58,0.0,0.0,1.042,0.038
TOI-4633 Ac,0.1504,0.076,0.088,0.0,0.0,0.285,0.018
TOI-4641 b,3.87,3.87,0.0,0.0,0.0,0.73,0.028
TOI-469 b,0.0186,0.006,0.006,0.0,0.0,0.3105,0.025
TOI-469 c,0.0142,0.0009,0.0009,0.0,0.0,0.141,0.0303
TOI-469 d,0.016,0.0013,0.0013,0.0,0.0,0.1222,0.036
TOI-4791 b,2.31,0.33,0.33,0.0,0.0,1.11,0.05
TOI-480 b,0.0654,0.0138,0.0138,0.0,0.0,0.24,0.009
TOI-481 b,1.53,0.03,0.03,0.0,0.0,0.99,0.01
TOI-4860 b,0.67,0.14,0.14,0.0,0.0,0.756,0.024
TOI-4914 b,0.714,0.041,0.041,0.0,0.0,1.1482,0.0321
TOI-4987 b,12.37,0.9,0.9,0.0,0.0,1.93,0.09
TOI-4994 b,0.28,0.034,0.037,0.034,0.037,0.762,0.027
TOI-5005 b,0.1029,0.0186,0.0186,0.0,0.0,0.5576,0.0214
TOI-500 b,0.005,0.0022,0.0041,0.0,0.0,0.1035,0.0107
TOI-500 c,0.0146,0.0016,0.0016,0.0016,0.0016,0.67535,0.0
TOI-500 d,0.10553,0.003,0.003,0.003,0.003,0.67535,0.0
TOI-500 e,0.03757,0.00428,0.00428,0.00428,0.00428,0.67535,0.0
TOI-5027 b,2.0,0.13,0.13,0.0,0.0,0.99,0.12
TOI-5076 Ab,0.05,0.006,0.006,0.0,0.0,0.285,0.009
TOI-5108 b,0.101,0.016,0.016,0.0,0.0,0.589,0.009
TOI-5110 b,2.9,0.13,0.13,0.13,0.13,1.069,0.052
TOI-512 b,0.01123,0.00173,0.00173,0.0,0.0,0.1374,0.009
TOI-5153 b,3.26,0.17,0.17,0.0,0.0,1.06,0.04
TOI-519 b,0.525,0.064,0.064,0.0,0.0,1.059,0.02
TOI-5205 b,1.08,0.08,0.08,0.0,0.0,0.94,0.04
TOI-5218 b,0.799,0.359,0.393,0.0,0.0,0.879,0.034
TOI-5232 b,2.34,0.16,0.16,0.0,0.0,1.14,0.045
TOI-5293 Ab,0.54,0.07,0.07,0.0,0.0,1.06,0.04
TOI-5300 b,0.6,0.1,0.1,0.0,0.0,0.88,0.08
TOI-5301 b,3.65,0.4,0.4,0.0,0.0,1.18,0.07
TOI-530 b,0.4,0.1,0.1,0.0,0.0,0.83,0.06
TOI-532 b,0.1935,0.0293,0.0305,0.0,0.0,0.5192,0.017
TOI-5344 b,0.42,0.06,0.06,0.0,0.0,0.87,0.04
TOI-5398 b,0.1847,0.0179,0.0179,0.0,0.0,1.008,0.036
TOI-5398 c,0.0371,0.0151,0.0151,0.0,0.0,0.314,0.018
TOI-544 b,0.00909,0.00151,0.00151,0.0,0.0,0.1802,0.0062
TOI-5542 b,1.32,0.1,0.1,0.0,0.0,1.009,0.036
TOI-554 b,0.0274,0.0085,0.0085,0.0,0.0,0.2337,0.0143
TOI-554 c,0.0135,0.006,0.006,0.0,0.0,0.134,0.0107
TOI-5573 b,0.35,0.06,0.06,0.0,0.0,0.87,0.04
TOI-558 b,3.61,0.15,0.15,0.0,0.0,1.086,0.04
TOI-559 b,6.01,0.24,0.24,0.0,0.0,1.091,0.028
TOI-5616 b,0.802,0.384,0.371,0.0,0.0,0.961,0.042
TOI-561 b,0.00636,0.00072,0.00072,0.0,0.0,0.12463,0.00241
TOI-561 c,0.01866,0.00211,0.00211,0.0,0.0,0.2556,0.00366
TOI-561 d,0.04194,0.00308,0.00308,0.0,0.0,0.2333,0.0054
TOI-561 e,0.039,0.0044,0.0044,0.0,0.0,0.22455,0.00401
TOI-561 f,0.0601,0.0085,0.0085,0.0,0.0,0.207,0.0143
TOI-5634 Ab,0.576,0.346,0.406,0.0,0.0,0.923,0.05
TOI-564 Ab,1.463,0.096,0.1,0.0,0.0,1.02,0.29
TOI-5678 b,0.063,0.013,0.013,0.0,0.0,0.438,0.0071
TOI-5688 Ab,0.39,0.0768,0.0736,0.0,0.0,0.919,0.062
TOI-5713 b,0.0135,0.0035,0.0053,0.0,0.0,0.1579,0.0152
TOI-5720 b,0.00415,0.0016,0.0028,0.0135,0.0,0.0972,0.0062
TOI-5786 b,0.23,0.028,0.028,0.0,0.0,0.7708,0.0116
TOI-5799 b,0.0116,0.0044,0.0085,0.0,0.0,0.14497,0.0116
TOI-5800 b,0.034,0.0044,0.0041,0.0,0.0,0.2391,0.018
TOI-5803 b,0.03392,0.0,0.0,0.0,0.0,0.292018,0.0107
TOI-5817 b,0.0324,0.0041,0.0044,0.0,0.0,0.2748,0.0125
TOI-6002 b,0.012,0.003,0.005,0.0,0.0,0.1472,0.018
TOI-6008 b,0.0035,0.0028,0.0104,0.0,0.0,0.0919,0.0045
TOI-6016 b,1.17,0.09,0.09,0.0,0.0,1.22,0.03
TOI-6029 b,1.635,0.032,0.032,0.0,0.0,1.284,0.098
TOI-6034 Bb,0.798,0.075,0.075,0.0,0.0,1.063,0.042
TOI-6038 Ab,0.247,0.0311,0.0299,0.0311,0.0311,0.5719,0.0143
TOI-603 b,0.1495,0.0431,0.0431,0.0,0.0,0.7075,0.018
TOI-6054 b,0.039,0.0053,0.0053,0.0,0.0,0.2364,0.0134
TOI-6054 c,0.0289,0.006,0.006,0.0,0.0,0.25,0.0161
TOI-6086 b,0.00529,0.00176,0.00362,0.0,0.0,0.1053,0.0062
TOI-6130 b,1.05,0.06,0.06,0.0,0.0,1.28,0.03
TOI-615 b,0.435,0.082,0.086,0.0,0.0,1.693,0.057
TOI-620 b,0.0485,0.0113,0.0173,0.0,0.0,0.3354,0.0134
TOI-622 b,0.303,0.072,0.072,0.0,0.0,0.824,0.029
TOI-6255 b,0.00453,0.00044,0.00044,0.0,0.0,0.09626,0.0058
TOI-628 b,6.33,0.3,0.3,0.0,0.0,1.06,0.034
TOI-6303 b,7.84,0.31,0.31,0.0,0.0,1.03,0.06
TOI-6324 b,0.00368,0.00069,0.00069,0.0,0.0,0.09448,0.00366
TOI-6330 b,10.0,0.3,0.3,0.0,0.0,0.97,0.03
TOI-6383 Ab,1.04,0.094,0.094,0.0,0.0,1.0072,0.033
TOI-640 Ab,0.88,0.16,0.16,0.0,0.0,1.771,0.06
TOI-6628 b,0.75,0.06,0.06,0.0,0.0,0.98,0.05
TOI-663 b,0.014,0.0022,0.0019,0.0,0.0,0.2025,0.009
TOI-663 c,0.01148,0.0003,0.0003,0.0,0.0,0.2016,0.009
TOI-663 d,0.0164,0.0164,0.0,0.0,0.0,0.1713,0.0116
TOI-6651 b,0.192,0.0249,0.0249,0.0,0.0,0.4541,0.0241
TOI-6695 b,0.21,0.001,0.001,0.0,0.0,0.85,0.02
TOI-6695 c,1.45,0.03,0.03,0.03,0.03,0.67535,0.0
TOI-669 b,0.031,0.0044,0.0044,0.0,0.0,0.67535,0.0
TOI-672 b,0.0759785,0.0,0.0,0.0,0.0,0.469305,0.009
TOI-674 b,0.0739,0.0104,0.0104,0.0,0.0,0.4693,0.0152
TOI-677 b,1.234,0.084,0.084,0.0,0.0,1.17,0.03
TOI-682 b,0.0387,0.0,0.0,0.0,0.0,0.339,0.0
TOI-682 c,0.0302,0.0,0.0,0.0,0.0,0.67535,0.0
TOI-6883 Ab,4.34,0.15,0.15,0.0,0.0,1.087,0.02
TOI-6883 Ac,0.357,0.132,0.132,0.0,0.0,0.792,0.018
TOI-6894 b,0.168,0.022,0.022,0.0,0.0,0.855,0.022
TOI-700 b,0.00406,0.00116,0.003,0.0,0.0,0.08154,0.00437
TOI-700 c,0.0249,0.0057,0.0085,0.0,0.0,0.232,0.0125
TOI-700 d,0.00711,0.00164,0.0022,0.0,0.0,0.09573,0.00482
TOI-7041 b,0.36,0.16,0.16,0.0,0.0,1.02,0.03
TOI-712 b,0.0176,0.0041,0.006,0.0,0.0,0.1828,0.0071
TOI-712 c,0.0274,0.006,0.0098,0.0,0.0,0.241,0.0071
TOI-712 d,0.0236,0.0053,0.0085,0.0,0.0,0.22072,0.00732
TOI-732 Ab,0.00774,0.0006,0.0006,0.0,0.0,0.11821,0.00517
TOI-732 Ac,0.0253,0.0016,0.0016,0.0,0.0,0.2132,0.009
TOI-733 b,0.018,0.00022,0.00022,0.0,0.0,0.1775,0.008
TOI-757 b,0.033,0.0069,0.0069,0.0,0.0,0.223,0.009
TOI-762 Ab,0.251,0.042,0.042,0.0,0.0,0.744,0.017
TOI-763 Ab,0.0308,0.00245,0.00245,0.0,0.0,0.2034,0.0098
TOI-763 Ac,0.02932,0.00321,0.00321,0.0,0.0,0.2346,0.0107
TOI-771 b,0.00777,0.0013,0.0013,0.0,0.0,0.1213,0.009
TOI-771 c,0.00903,0.0013,0.0013,0.0013,0.0013,0.67535,0.0
TOI-776 b,0.01466,0.00305,0.00305,0.0,0.0,0.165,0.0116
TOI-776 c,0.0217,0.0082,0.0082,0.0,0.0,0.1829,0.0071
TOI-778 b,2.8,0.2,0.2,0.0,0.0,1.374,0.045
TOI-782 b,0.0601,0.0,0.0601,0.0,0.0,0.24391,0.00758
TOI-784 b,0.03043,0.0025,0.0025,0.0,0.0,0.1722,0.009
TOI-784 c,0.06878,0.02912,0.0,0.0291,0.0291,0.67535,0.0
TOI-815 Ab,0.0239,0.0047,0.0047,0.0,0.0,0.2623,0.0045
TOI-815 Ac,0.0739,0.0076,0.0076,0.0,0.0,0.2337,0.009
TOI-824 b,0.058104,0.00592,0.00579,0.0,0.0,0.26104,0.017
TOI-833 Ab,0.006,0.0019,0.0041,0.0,0.0,0.1133,0.0062
TOI-836 b,0.01425,0.00271,0.00289,0.0,0.0,0.15202,0.00598
TOI-836 c,0.0302,0.0085,0.0085,0.0,0.0,0.2308,0.00785
TOI-837 Ab,0.395,0.07,0.07,1.2,0.0,0.817,0.023
TOI-849 b,0.1315,0.0079,0.0079,0.0,0.0,0.30726,0.01026
TOI-858 B b,1.1,0.08,0.08,0.0,0.0,1.255,0.04
TOI-871 b,0.012,0.0044,0.0085,0.0,0.0,0.1481,0.0098
TOI-892 b,0.95,0.07,0.07,0.0,0.0,1.07,0.02
TOI-905 Ab,0.667,0.042,0.042,0.0,0.0,1.171,0.053
TOI-908 b,0.050773,0.01271,0.0129,0.0,0.0,0.28424,0.01383
TOI-913 b,0.0208,0.0,0.0,0.0,0.0,0.2192,0.009
TOI-942 b,2.599,2.596,0.0,0.0,0.0,0.4291,0.018
TOI-942 c,2.501,2.501,0.0,0.0,0.0,0.5166,0.0161
TOI-954 Ab,0.174,0.017,0.018,0.0,0.0,0.852,0.062
TOI-969 b,0.0286,0.003,0.003,0.0,0.0,0.24668,0.009
TOI-969 c,11.3,0.9,1.1,0.9,1.1,0.67535,0.0
TRAPPIST-1 b,0.0027,0.0023,0.0023,0.0,0.0,0.09689,0.00031
TRAPPIST-1 c,0.00434,0.0019,0.0019,0.0,0.0,0.09421,0.00031
TRAPPIST-1 d,0.0013,0.00085,0.00085,0.0,0.0,0.0689,0.0027
TRAPPIST-1 e,0.002,0.0018,0.0018,0.0,0.0,0.0819,0.0035
TRAPPIST-1 f,0.0021,0.00057,0.00057,0.0,0.0,0.09323,0.0034
TRAPPIST-1 g,0.00422,0.0028,0.0028,0.0,0.0,0.1005,0.0037
TRAPPIST-1 h,0.001041,0.000154,0.000176,0.0,0.0,0.0674,0.003
TrES-1 Ab,0.761,0.05,0.05,0.0,0.0,1.099,0.035
TrES-2 Ab,1.253,0.052,0.052,0.0,0.0,1.189,0.025
TrES-3 b,1.91,0.07,0.06,0.0,0.0,1.305,0.09
TrES-4 Ab,0.917,0.07,0.07,0.0,0.0,1.706,0.056
TrES-5 b,1.778,0.063,0.063,0.0,0.0,1.209,0.021
TVLM 513-46546 b,0.38,0.24,0.24,0.0,0.0,0.67535,0.0
TWA 7 b,0.31,0.0,0.0,0.0,0.0,0.67535,0.0
TW Hya b,0.094,0.022,0.028,0.022,0.028,0.67535,0.0
TYC 1422-614-1 b,2.51,0.12,0.12,0.12,0.12,0.67535,0.0
TYC 1422-614-1 c,10.1,0.14,0.14,0.14,0.14,0.67535,0.0
TYC 2187-512-1 b,0.34,0.02,0.02,0.02,0.02,0.67535,0.0
TYC 3318-01333-1 b,3.42,0.35,0.35,0.35,0.35,0.67535,0.0
TYC 3667-1280-1 b,5.4,0.4,0.4,0.4,0.4,0.67535,0.0
TYC 4282-605-1 b,10.78,0.12,0.12,0.12,0.12,0.67535,0.0
TYC 8998-760-1 c,6.0,1.0,1.0,0.0,0.0,0.67535,0.0
UKIRT-2017-BLG-001 b,1.28,0.44,0.37,0.0,0.0,0.67535,0.0
ups And Ab,0.62,0.09,0.0,0.09,0.09,0.67535,0.0
ups And Ac,9.1,2.93,5.04,0.26,0.26,0.67535,0.0
ups And Ae,1.059,0.028,0.028,0.028,0.028,0.67535,0.0
ups Leo b,0.51,0.26,0.08,0.26,0.08,0.67535,0.0
UZ For (AB) b,6.3,0.0,0.0,0.0,0.0,0.67535,0.0
UZ For (AB) c,7.7,1.2,1.2,0.0,0.0,0.67535,0.0
WASP-100 Ab,2.03,0.12,0.12,0.0,0.0,1.69,0.29
WASP-101 b,0.5,0.004,0.004,0.0,0.0,1.36,0.04
WASP-102 b,0.621,0.133,0.133,0.0,0.0,1.33,0.05
WASP-103 b,1.49,0.088,0.088,0.0,0.0,1.528,0.047
WASP-104 Ab,1.272,0.047,0.047,0.0,0.0,1.137,0.037
WASP-105 b,1.8,0.1,0.1,0.0,0.0,0.96,0.03
WASP-106 b,1.925,0.076,0.076,0.0,0.0,1.085,0.028
WASP-107 b,0.12,0.01,0.01,0.0,0.0,0.94,0.02
WASP-107 c,0.36,0.04,0.04,0.04,0.04,0.67535,0.0
WASP-108 Ab,1.167,0.091,0.092,0.091,0.091,1.215,0.04
WASP-109 b,0.91,0.13,0.13,0.13,0.13,1.443,0.053
WASP-10 b,3.16,0.23,0.23,0.0,0.0,1.08,0.02
WASP-110 b,0.515,0.064,0.064,0.064,0.064,1.238,0.056
WASP-111 Ab,1.85,0.16,0.16,0.15,0.15,1.442,0.094
WASP-112 b,0.88,0.12,0.12,0.12,0.12,1.191,0.049
WASP-113 Ab,0.475,0.054,0.054,0.0,0.0,1.409,0.14
WASP-114 Ab,1.769,0.064,0.064,0.0,0.0,1.339,0.064
WASP-116 b,0.64,0.14,0.14,0.0,0.0,1.22,0.06
WASP-117 b,0.3,0.05,0.05,0.0,0.0,0.98,0.05
WASP-118 Ab,0.514,0.02,0.02,0.0,0.0,1.44,0.036
WASP-119 b,1.23,0.08,0.09,0.08,0.08,1.4,0.2
WASP-120 Ab,5.06,0.27,0.27,0.26,0.26,1.515,0.083
WASP-121 b,1.184,0.064,0.065,0.064,0.064,1.865,0.044
WASP-122 Ab,1.401,0.075,0.075,0.072,0.072,1.792,0.069
WASP-123 Ab,0.92,0.05,0.05,0.05,0.05,1.327,0.074
WASP-124 b,0.6,0.07,0.07,0.07,0.07,1.24,0.03
WASP-126 b,0.2841,0.0,0.0,0.0,0.0,0.96,0.05
WASP-126 c,0.202,0.0774,0.0774,0.0,0.0,0.67535,0.0
WASP-127 Ab,0.17,0.015,0.015,0.0,0.0,1.293,0.027
WASP-129 Ab,1.0,0.1,0.1,0.1,0.1,0.93,0.03
WASP-12 Ab,1.47,0.069,0.076,0.068,0.075,1.9,0.055
WASP-130 Ab,1.23,0.04,0.04,0.0,0.0,0.89,0.03
WASP-131 Ab,0.27,0.02,0.02,0.0,0.0,1.19,0.04
WASP-132 b,0.428,0.015,0.015,0.015,0.015,0.901,0.038
WASP-132 c,0.0197,0.00576,0.00579,0.0,0.0,0.16424,0.0083
WASP-132 d,5.16,0.52,0.52,0.52,0.52,0.67535,0.0
WASP-133 b,1.16,0.09,0.09,0.09,0.09,1.21,0.05
WASP-134 b,1.412,0.075,0.075,0.0,0.0,0.988,0.057
WASP-134 c,0.7,0.07,0.07,0.07,0.07,0.67535,0.0
WASP-135 b,1.9,0.08,0.08,0.08,0.08,1.3,0.09
WASP-136 Ab,1.51,0.08,0.08,0.0,0.0,1.38,0.16
WASP-137 Ab,0.681,0.054,0.054,0.0,0.0,1.27,0.11
WASP-138 b,1.22,0.08,0.08,0.05,0.05,0.67535,0.0
WASP-139 Ab,0.117,0.017,0.017,0.0,0.0,0.8,0.05
WASP-13 b,0.52,0.024,0.024,0.0,0.0,1.32,0.07
WASP-140 Ab,2.44,0.07,0.07,0.0,0.0,1.44,0.18
WASP-141 b,2.69,0.15,0.15,0.0,0.0,1.21,0.08
WASP-142 b,0.84,0.09,0.09,0.0,0.0,1.53,0.08
WASP-143 b,0.725,0.084,0.084,0.0,0.0,1.234,0.042
WASP-144 b,0.44,0.06,0.06,0.0,0.0,0.85,0.05
WASP-145 Ab,0.89,0.04,0.04,0.0,0.0,0.9,0.04
WASP-146 b,1.11,0.15,0.15,0.0,0.0,1.228,0.076
WASP-147 b,0.275,0.027,0.028,0.0,0.0,1.115,0.093
WASP-148 b,0.287,0.016,0.022,0.0,0.0,0.756,0.017
WASP-148 c,0.378,0.024,0.021,0.024,0.021,0.67535,0.0
WASP-149 b,0.991,0.196,0.196,0.0,0.0,1.36,0.06
WASP-14 Ab,7.341,0.496,0.508,0.0,0.0,1.281,0.082
WASP-150 b,8.46,0.2,0.28,0.0,0.0,1.07,0.025
WASP-151 b,0.31,0.03,0.04,0.0,0.0,1.13,0.03
WASP-153,0.0211,0.0019,0.0019,0.0,0.0,0.2355,0.0071
WASP-153 Ab,0.39,0.02,0.02,0.0,0.0,1.55,0.08
WASP-154 b,0.626,0.129,0.129,0.0,0.0,0.96,0.06
WASP-155 b,0.871,0.18,0.18,0.0,0.0,1.2,0.06
WASP-156 b,0.1303,0.0088,0.0088,0.0,0.0,0.554,0.034
WASP-157 b,0.576,0.094,0.094,0.093,0.093,0.998,0.025
WASP-158 b,2.79,0.23,0.23,0.0,0.0,1.07,0.15
WASP-159 b,0.55,0.08,0.08,0.0,0.0,1.38,0.09
WASP-15 b,0.542,0.05,0.05,0.0,0.0,1.428,0.077
WASP-160 Bb,0.281,0.044,0.046,0.0,0.0,1.093,0.039
WASP-161 b,2.49,0.21,0.21,0.0,0.0,1.143,0.058
WASP-162 b,5.2,0.2,0.2,0.0,0.0,1.0,0.05
WASP-163 Ab,1.87,0.21,0.21,0.0,0.0,1.202,0.097
WASP-164 b,2.13,0.13,0.12,0.0,0.0,1.128,0.043
WASP-165 b,0.658,0.092,0.097,0.0,0.0,1.26,0.17
WASP-166 b,0.102,0.004,0.004,0.0,0.0,0.6155,0.03
WASP-167 b,0.37,0.3,0.3,0.0,0.0,1.62,0.06
WASP-168 Ab,0.42,0.04,0.04,0.0,0.0,1.5,0.3
WASP-169 b,0.561,0.06,0.06,0.0,0.0,1.304,0.073
WASP-16 b,0.855,0.059,0.059,0.0,0.0,1.008,0.071
WASP-170 Ab,1.6,0.2,0.2,0.0,0.0,1.096,0.085
WASP-171 b,1.084,0.094,0.094,0.0,0.0,0.988,0.04
WASP-172 b,0.47,0.1,0.1,0.0,0.0,1.57,0.1
WASP-174 b,0.33,0.091,0.091,0.0,0.0,1.437,0.05
WASP-175 Ab,0.99,0.13,0.13,0.0,0.0,1.208,0.081
WASP-176 b,0.855,0.07,0.07,0.0,0.0,1.505,0.045
WASP-177 b,0.508,0.038,0.038,0.0,0.0,1.58,0.36
WASP-178 b,1.41,0.51,0.43,0.0,0.0,1.94,0.058
WASP-17 b,0.486,0.032,0.032,0.0,0.0,1.991,0.081
WASP-180 Ab,0.8,0.1,0.1,0.0,0.0,1.29,0.07
WASP-181 b,0.299,0.034,0.034,0.0,0.0,1.184,0.059
WASP-182 b,0.148,0.011,0.011,0.0,0.0,0.85,0.03
WASP-183 b,0.502,0.047,0.047,0.0,0.0,1.47,0.33
WASP-184 b,0.57,0.1,0.1,0.0,0.0,1.33,0.09
WASP-185 b,0.98,0.06,0.06,0.0,0.0,1.25,0.08
WASP-186 b,4.22,0.18,0.18,0.0,0.0,1.11,0.03
WASP-187 b,0.8,0.08,0.08,0.0,0.0,1.766,0.04
WASP-188 Ab,1.443,0.298,0.296,0.0,0.0,1.322,0.051
WASP-189 Ab,1.99,0.14,0.16,0.0,0.0,1.619,0.021
WASP-18 Ab,10.4296,0.0,0.0,0.0,0.0,1.165,0.077
WASP-18 Ac,0.1737,0.0387,0.0387,0.0,0.0,0.67535,0.0
WASP-190 b,1.0,0.1,0.1,0.0,0.0,1.15,0.09
WASP-192 b,2.3,0.0,0.0,0.0,0.0,1.23,0.08
WASP-193 Ab,0.139,0.03,0.03,0.0,0.0,1.464,0.059
WASP-194 Ab,1.174,0.265,0.265,0.0,0.0,1.381,0.088
WASP-195 b,0.104,0.031,0.03,0.0,0.0,0.92,0.05
WASP-197 b,1.269,0.254,0.254,0.0,0.0,1.289,0.049
WASP-19 Ab,1.139,0.03,0.03,0.0,0.0,1.41,0.017
WASP-1 Ab,0.947,0.028,0.028,0.0,0.0,1.514,0.0473
WASP-20 Ab,0.313,0.018,0.018,0.0,0.0,1.459,0.057
WASP-21 b,0.3,0.01,0.01,0.0,0.0,1.21,0.032
WASP-22 b,0.617,0.0172,0.0032,0.017,0.0028,1.199,0.027
WASP-23 b,0.884,0.099,0.088,0.0,0.0,0.962,0.056
WASP-24 Ab,1.071,0.038,0.036,0.0,0.0,1.3,0.038
WASP-25 b,0.58,0.04,0.04,0.0,0.0,1.26,0.06
WASP-26 Ab,1.028,0.021,0.021,0.0,0.0,1.281,0.075
WASP-28 b,0.907,0.043,0.043,0.0,0.0,1.213,0.042
WASP-29 Ab,0.243,0.02,0.02,0.0,0.0,0.775,0.031
WASP-2 Ab,0.847,0.045,0.045,0.0,0.0,1.079,0.033
WASP-31 b,0.478,0.03,0.03,0.0,0.0,1.537,0.06
WASP-32 b,3.6,0.07,0.07,0.0,0.0,1.18,0.07
WASP-33 Ab,2.8,0.53,0.53,0.0,0.0,1.603,0.014
WASP-34 b,0.58,0.9,0.9,0.0,0.0,1.26,0.09
WASP-35 b,0.72,0.06,0.06,0.0,0.0,1.32,0.03
WASP-36 Ab,2.279,0.068,0.068,0.0,0.0,1.269,0.03
WASP-37 b,1.8,0.17,0.17,0.0,0.0,1.16,0.06
WASP-38 b,2.712,0.065,0.065,0.0,0.0,1.079,0.044
WASP-39 b,0.28,0.03,0.03,0.0,0.0,1.27,0.04
WASP-3 Ab,1.81,0.063,0.063,0.0,0.0,1.392,0.019
WASP-41 b,0.94,0.05,0.05,0.05,0.05,1.18,0.03
WASP-41 c,3.18,0.2,0.2,0.2,0.2,0.67535,0.0
WASP-42 b,0.5,0.035,0.035,0.0,0.0,1.08,0.057
WASP-43 b,2.052,0.053,0.053,0.052,0.052,1.036,0.019
WASP-44 b,0.889,0.062,0.062,0.0,0.0,1.14,0.11
WASP-45 Ab,1.007,0.053,0.053,0.0,0.0,1.16,0.14
WASP-46 b,2.101,0.073,0.073,0.0,0.0,1.31,0.051
WASP-47 b,1.14243,0.02297,0.02297,0.0,0.0,1.127,0.013
WASP-47 c,1.31,0.05,0.72,0.05,0.05,0.67535,0.0
WASP-47 d,0.04122,0.00472,0.00472,0.0,0.0,0.319,0.004
WASP-47 e,0.02149,0.00208,0.00208,0.0,0.0,0.161,0.002
WASP-48 b,0.98,0.09,0.09,0.0,0.0,1.67,0.08
WASP-49 Ab,0.399,0.03,0.03,0.0,0.0,1.198,0.047
WASP-4 b,1.1974,0.0068,0.0068,0.0,0.0,1.3846,0.0088
WASP-50 b,1.437,0.068,0.068,0.0,0.0,1.138,0.026
WASP-52 b,0.46,0.02,0.02,0.0,0.0,1.27,0.03
WASP-53 b,2.132,0.094,0.092,0.0,0.0,1.074,0.037
WASP-54 Ab,0.63,0.02,0.02,0.0,0.0,1.57,0.07
WASP-55 Ab,0.61,0.13,0.13,0.04,0.04,1.33,0.13
WASP-56 Ab,0.599,0.039,0.04,0.0,0.0,1.092,0.033
WASP-57 b,0.8,0.0,0.0,0.0,0.0,1.1,0.0
WASP-58 Ab,0.89,0.07,0.07,0.0,0.0,1.37,0.2
WASP-59 Ab,0.863,0.045,0.045,0.0,0.0,0.775,0.068
WASP-5 b,1.637,0.082,0.082,0.0,0.0,1.171,0.057
WASP-60 b,0.514,0.034,0.034,0.0,0.0,0.86,0.12
WASP-61 b,2.06,0.17,0.17,0.0,0.0,1.24,0.03
WASP-62 b,0.58,0.03,0.03,0.0,0.0,1.39,0.03
WASP-63 b,0.38,0.03,0.03,0.0,0.0,1.43,0.06
WASP-64 Bb,1.221,0.071,0.073,0.0,0.0,1.271,0.039
WASP-65 b,1.55,0.16,0.16,0.0,0.0,1.112,0.059
WASP-66 b,2.32,0.13,0.13,0.0,0.0,1.39,0.09
WASP-67 b,0.42,0.04,0.04,0.0,0.0,1.4,0.2
WASP-68 Ab,0.95,0.03,0.03,0.0,0.0,1.24,0.06
WASP-69 b,0.26,0.017,0.017,0.017,0.017,1.057,0.047
WASP-6 b,0.503,0.038,0.019,0.0,0.0,1.224,0.052
WASP-70 Ab,0.59,0.022,0.023,0.022,0.022,1.164,0.073
WASP-71 Ab,2.258,0.072,0.072,0.0,0.0,1.5,0.11
WASP-72 Ab,1.446,0.053,0.054,0.0,0.0,1.27,0.2
WASP-73 b,1.89,0.05,0.05,0.0,0.0,1.17,0.05
WASP-74 b,0.826,0.014,0.014,0.0,0.0,1.248,0.036
WASP-75 Ab,1.07,0.05,0.05,0.0,0.0,1.27,0.048
WASP-76 Ab,0.92,0.03,0.03,0.0,0.0,1.83,0.06
WASP-77 Ab,1.759,0.005,0.005,0.0,0.0,1.21,0.02
WASP-78 b,0.89,0.08,0.08,0.0,0.0,1.7,0.11
WASP-79 b,0.835,0.08,0.08,0.0,0.0,1.58,0.005
WASP-7 b,0.96,0.13,0.13,0.0,0.0,1.33,0.093
WASP-80 b,0.554,0.039,0.03,0.0,0.0,0.952,0.027
WASP-81 b,0.729,0.035,0.036,0.0,0.0,1.429,0.046
WASP-82 b,1.24,0.04,0.04,0.0,0.0,1.63,0.04
WASP-83 b,0.3,0.03,0.03,0.03,0.03,1.04,0.05
WASP-84 b,0.692,0.058,0.058,0.0,0.0,0.9564,0.0241
WASP-84 c,0.0478,0.0142,0.0142,0.0,0.0,0.174,0.0107
WASP-85 Ab,1.265,0.065,0.065,0.065,0.065,1.24,0.03
WASP-87 Ab,2.21,0.16,0.16,0.15,0.15,1.385,0.06
WASP-88 b,0.56,0.08,0.08,0.0,0.0,1.7,0.07
WASP-89 b,5.9,0.4,0.4,0.4,0.4,1.04,0.04
WASP-8 Ab,2.244,0.093,0.079,0.0,0.0,1.038,0.047
WASP-90 b,0.63,0.07,0.07,0.0,0.0,1.63,0.09
WASP-91 b,1.34,0.08,0.08,0.0,0.0,1.03,0.04
WASP-92 b,0.805,0.068,0.068,0.0,0.0,1.461,0.077
WASP-93 b,1.47,0.029,0.029,0.0,0.0,1.597,0.077
WASP-94 Ab,0.452,0.032,0.035,0.0,0.0,1.665,0.05
WASP-94 Bb,0.618,0.029,0.028,0.029,0.028,0.67535,0.0
WASP-95 b,1.206,0.067,0.067,0.0,0.0,1.098,0.088
WASP-96 b,0.48,0.03,0.03,0.0,0.0,1.2,0.06
WASP-97 b,1.32,0.05,0.05,0.0,0.0,1.13,0.06
WASP-98 Ab,0.83,0.07,0.07,0.0,0.0,1.1,0.04
WASP-99 b,2.78,0.13,0.13,0.0,0.0,1.1,0.05
WD 0310-688 b,3.0,1.9,5.5,0.0,0.0,1.03,0.35
WD 0806-661 B b,8.0,2.0,2.0,0.0,0.0,0.67535,0.0
Wendelstein-1 Ab,0.59,0.09,0.1,0.0,0.0,1.0,0.1
Wendelstein-2 b,0.73,0.32,0.55,0.0,0.0,1.0,0.003
WIS 395 b,11.9,0.2,0.4,0.0,0.0,0.67535,0.0
WISE J1355-8258 b,9.0,0.0,0.0,0.0,0.0,0.67535,0.0
Wolf 1061 b,0.00601,0.00079,0.00082,0.00079,0.00082,0.67535,0.0
Wolf 1061 c,0.0107,0.0013,0.0014,0.0013,0.0014,0.67535,0.0
Wolf 1061 d,0.0242,0.00334,0.00352,0.00334,0.00352,0.67535,0.0
Wolf 1069 b,0.00396,0.00066,0.00066,0.00066,0.00066,0.67535,0.0
Wolf 327 b,2.53,0.46,0.46,0.0,0.0,0.1106,0.0054
Wolf 359 c,0.012,0.005,0.006,0.005,0.006,0.67535,0.0
Wolf 503 b,0.0197,0.0019,0.0019,0.0,0.0,0.18227,0.0062
WTS-1 b,4.01,0.35,0.35,0.0,0.0,1.49,0.18
WTS-2 b,1.12,0.13,0.13,0.0,0.0,1.3,0.058
XO-1 b,0.9,0.07,0.07,0.0,0.0,1.184,0.04
XO-2N b,0.62,0.02,0.02,0.0,0.0,0.973,0.03
XO-2S b,0.26,0.01,0.01,0.01,0.01,0.67535,0.0
XO-2S c,1.38,0.05,0.05,0.05,0.05,0.67535,0.0
XO-2S d,3.71,0.51,1.2,0.51,1.2,0.67535,0.0
XO-3 Ab,11.79,0.59,0.59,0.0,0.0,1.217,0.073
XO-4 b,1.616,0.1,0.101,0.1,0.1,1.317,0.029
XO-5 b,1.077,0.037,0.037,0.0,0.0,1.03,0.05
XO-6 b,4.47,0.12,0.12,0.0,0.0,2.17,0.2
XO-7 b,0.726,0.038,0.038,0.0,0.0,1.346,0.02
XTE J0929-314 b,10.5,2.1,20.9,2.1,20.9,0.389,0.0292
YBP 1194 b,0.34,0.05,0.05,0.05,0.05,0.67535,0.0
YBP 1514 b,0.4,0.11,0.11,0.11,0.11,0.67535,0.0
YBP 401 b,0.46,0.05,0.05,0.05,0.05,0.67535,0.0
YSES 2 b,6.3,0.9,1.6,0.0,0.0,0.67535,0.0
YZ Cet b,0.0022,0.00028,0.00028,0.00028,0.00028,0.67535,0.0
YZ Cet c,0.00359,0.00035,0.00035,0.00035,0.00035,0.67535,0.0
YZ Cet d,0.00343,0.00038,0.00038,0.00038,0.00038,0.67535,0.0
